120	2018	274	1636	56.3	12.351	2.1535	430.71	405.71	20.536	56.778	20.874	-95.647	-13288
120	2018	274	1636	57.3	12.332	2.1515	430.3	405.3	20.521	56.871	20.859	-96.201	-99999
120	2018	274	1636	58.3	12.332	2.1611	432.21	407.21	20.507	56.778	20.861	-96.555	-99999
120	2018	274	1636	59.3	12.348	2.1542	430.84	405.84	20.505	56.825	20.859	-96.379	-99999
120	2018	274	1637	0.3	12.334	2.1452	429.03	404.03	20.507	56.941	20.861	-96.443	-99999
120	2018	274	1637	1.3	12.334	2.1503	430.06	405.06	20.507	56.848	20.861	-95.597	-99999
120	2018	274	1637	2.3	12.332	2.1399	427.97	402.97	20.507	56.848	20.861	-96.176	-99999
120	2018	274	1637	3.3	12.302	2.133	426.6	401.6	20.505	56.894	20.859	-97.161	-99999
120	2018	274	1637	4.3	12.302	2.1275	425.51	400.51	20.507	56.964	20.861	-94.752	-99999
120	2018	274	1637	5.3	12.302	2.1416	428.31	403.31	20.507	56.964	20.861	-95.931	-99999
120	2018	274	1637	6.3	12.302	2.1477	429.54	404.54	20.494	56.918	20.848	-96.193	-99999
120	2018	274	1637	7.3	12.297	2.1414	428.28	403.28	20.494	56.987	20.848	-96.17	-99999
120	2018	274	1637	8.3	12.294	2.1525	430.5	405.5	20.494	57.057	20.848	-96.75	-99999
120	2018	274	1637	9.3	12.297	2.1433	428.65	403.65	20.494	57.104	20.848	-95.48	-99999
120	2018	274	1637	10.3	12.345	2.1463	429.27	404.27	20.494	57.173	20.848	-96.282	-99999
120	2018	274	1637	11.3	12.342	2.1494	429.89	404.89	20.494	57.08	20.848	-96.081	-99999
120	2018	274	1637	12.3	12.34	2.1496	429.92	404.92	20.483	57.266	20.837	-95.761	-99999
120	2018	274	1637	13.3	12.337	2.1617	432.35	407.35	20.494	57.359	20.848	-97.847	-99999
120	2018	274	1637	14.3	12.342	2.1628	432.55	407.55	20.483	57.359	20.837	-96.341	-99999
120	2018	274	1637	15.3	12.345	2.1658	433.17	408.17	20.494	57.406	20.848	-95.903	-99999
120	2018	274	1637	16.3	12.329	2.1751	435.01	410.01	20.494	57.499	20.848	-96.572	-99999
120	2018	274	1637	17.3	12.305	2.173	434.6	409.6	20.492	57.546	20.846	-96.284	-99999
120	2018	274	1637	18.3	12.297	2.1922	438.43	413.43	20.479	57.615	20.833	-96.524	-99999
120	2018	274	1637	19.3	12.307	2.1891	437.82	412.82	20.481	57.755	20.835	-95.92	-99999
120	2018	274	1637	20.3	12.294	2.197	439.39	414.39	20.479	57.732	20.833	-96.569	-99999
120	2018	274	1637	21.3	12.302	2.197	439.39	414.39	20.481	57.801	20.835	-95.697	-99999
120	2018	274	1637	22.3	12.297	2.2007	440.14	415.14	20.481	57.894	20.835	-95.697	-99999
120	2018	274	1637	23.3	12.286	2.2125	442.51	417.51	20.479	57.918	20.833	-95.767	-99999
120	2018	274	1637	24.3	12.34	2.2079	441.58	416.58	20.479	58.034	20.833	-95.611	-99999
120	2018	274	1637	25.3	12.34	2.2062	441.24	416.24	20.479	58.057	20.833	-96.681	-99999
120	2018	274	1637	26.3	12.34	2.2183	443.67	418.67	20.481	58.127	20.835	-95.23	-99999
120	2018	274	1637	27.3	12.342	2.2212	444.25	419.25	20.462	58.22	20.833	-95.433	-99999
120	2018	274	1637	28.3	12.342	2.2243	444.86	419.86	20.481	58.277	20.835	-95.697	-99999
120	2018	274	1637	29.3	12.326	2.2329	446.57	421.57	20.466	58.359	20.82	-95.828	-99999
120	2018	274	1637	30.3	12.326	2.2281	445.61	420.61	20.468	58.336	20.823	-98.105	-99999
120	2018	274	1637	31.3	12.305	2.2404	448.08	423.08	20.468	58.406	20.823	-95.714	-99999
120	2018	274	1637	32.3	12.305	2.2445	448.9	423.9	20.466	58.476	20.82	-95.161	-99999
120	2018	274	1637	33.3	12.302	2.2501	450.03	425.03	20.468	58.476	20.823	-95.892	-99999
120	2018	274	1637	34.3	12.297	2.2561	451.22	426.22	20.466	58.638	20.82	-95.906	-99999
120	2018	274	1637	35.3	12.297	2.2508	450.17	425.17	20.468	58.592	20.823	-96.204	-99999
120	2018	274	1637	36.3	12.294	2.2616	452.32	427.32	20.466	58.662	20.82	-98.288	-99999
120	2018	274	1637	37.3	12.334	2.2561	451.22	426.22	20.466	58.708	20.82	-96.519	-99999
120	2018	274	1637	38.3	12.34	2.2701	454.03	429.03	20.468	58.824	20.823	-95.936	-99999
120	2018	274	1637	39.3	12.342	2.2664	453.27	428.27	20.466	58.871	20.82	-95.405	-99999
120	2018	274	1637	40.3	12.337	2.2766	455.33	430.33	20.468	58.824	20.823	-95.914	-99999
120	2018	274	1637	41.3	12.342	2.2864	457.28	432.28	20.456	58.964	20.81	-96.109	-99999
120	2018	274	1637	42.3	12.334	2.2876	457.51	432.51	20.468	58.941	20.823	-96.394	-99999
120	2018	274	1637	43.3	12.334	2.2876	457.51	432.51	20.437	58.941	20.808	-96.268	-99999
120	2018	274	1637	44.3	12.297	2.2963	459.26	434.26	20.456	59.08	20.81	-97.002	-99999
120	2018	274	1637	45.3	12.302	2.2943	458.85	433.85	20.456	59.01	20.81	-95.82	-99999
120	2018	274	1637	46.3	12.31	2.303	460.59	435.59	20.454	59.034	20.808	-95.978	-99999
120	2018	274	1637	47.3	12.299	2.3073	461.45	436.45	20.454	59.103	20.808	-97.05	-99999
120	2018	274	1637	48.3	12.305	2.303	460.59	435.59	20.454	59.15	20.808	-95.511	-99999
120	2018	274	1637	49.3	12.299	2.3163	463.26	438.26	20.456	59.243	20.81	-97.472	-99999
120	2018	274	1637	50.3	12.299	2.3226	464.53	439.53	20.47	59.243	20.808	-97.375	-99999
120	2018	274	1637	51.3	12.337	2.3242	464.83	439.83	20.456	59.382	20.81	-97.204	-99999
120	2018	274	1637	52.3	12.342	2.3132	462.64	437.64	20.472	59.313	20.81	-95.976	-99999
120	2018	274	1637	53.3	12.337	2.3395	467.91	442.91	20.454	59.452	20.808	-95.667	-99999
120	2018	274	1637	54.3	12.332	2.3341	466.81	441.81	20.472	59.452	20.81	-96.444	-99999
120	2018	274	1637	55.3	12.34	2.3505	470.1	445.1	20.477	59.452	20.797	-94.548	-99999
120	2018	274	1637	56.3	12.332	2.3515	470.3	445.3	20.46	59.499	20.797	-94.814	-99999
120	2018	274	1637	57.3	12.326	2.3555	471.09	446.09	20.458	59.568	20.795	-97.044	-99999
120	2018	274	1637	58.3	12.299	2.3536	470.71	445.71	20.46	59.522	20.797	-95.97	-99999
120	2018	274	1637	59.3	12.302	2.3584	471.67	446.67	20.458	59.638	20.795	-95.817	-99999
120	2018	274	1638	0.3	12.302	2.3669	473.38	448.38	20.458	59.592	20.795	-95.973	-99999
120	2018	274	1638	1.3	12.305	2.359	471.81	446.81	20.441	59.685	20.795	-95.884	-99999
120	2018	274	1638	2.3	12.294	2.3713	474.27	449.27	20.441	59.731	20.795	-95.439	-99999
120	2018	274	1638	3.3	12.305	2.3724	474.47	449.47	20.43	59.731	20.784	-95.987	-99999
120	2018	274	1638	4.3	12.291	2.3754	475.09	450.09	20.441	59.708	20.795	-96.297	-99999
120	2018	274	1638	5.3	12.334	2.3809	476.18	451.18	20.443	59.754	20.797	-96.215	-99999
120	2018	274	1638	6.3	12.329	2.3809	476.18	451.18	20.441	59.778	20.795	-97.201	-99999
120	2018	274	1638	7.3	12.334	2.3919	478.37	453.37	20.443	59.824	20.797	-96.84	-99999
120	2018	274	1638	8.3	12.34	2.4011	480.22	455.22	20.441	59.824	20.795	-96.575	-99999
120	2018	274	1638	9.3	12.34	2.3963	479.26	454.26	20.441	59.847	20.795	-95.962	-99999
120	2018	274	1638	10.3	12.34	2.3992	479.85	454.85	20.428	59.94	20.782	-96.525	-99999
120	2018	274	1638	11.3	12.318	2.4161	483.23	458.23	20.43	59.871	20.784	-95.297	-99999
120	2018	274	1638	12.3	12.286	2.4068	481.35	456.35	20.43	59.917	20.784	-95.497	-99999
120	2018	274	1638	13.3	12.294	2.423	484.6	459.6	20.428	60.033	20.782	-96.703	-99999
120	2018	274	1638	14.3	12.297	2.4237	484.73	459.73	20.43	60.08	20.784	-97.058	-99999
120	2018	274	1638	15.3	12.307	2.4107	482.13	457.13	20.428	60.033	20.782	-97.218	-99999
120	2018	274	1638	16.3	12.305	2.4237	484.73	459.73	20.417	60.033	20.772	-96.048	-99999
120	2018	274	1638	17.3	12.299	2.4408	488.15	463.15	20.428	60.196	20.782	-95.856	-99999
120	2018	274	1638	18.3	12.286	2.4348	486.96	461.96	20.428	60.173	20.782	-95.722	-99999
120	2018	274	1638	19.3	12.345	2.437	487.4	462.4	20.428	60.103	20.782	-97.162	-99999
120	2018	274	1638	20.3	12.334	2.437	487.4	462.4	20.447	60.173	20.784	-96.277	-99999
120	2018	274	1638	21.3	12.334	2.4496	489.93	464.93	20.417	60.196	20.772	-96.695	-99999
120	2018	274	1638	22.3	12.34	2.4427	488.54	463.54	20.428	60.173	20.782	-95.144	-99999
120	2018	274	1638	23.3	12.329	2.4551	491.02	466.02	20.43	60.219	20.784	-96.991	-99999
120	2018	274	1638	24.3	12.326	2.4469	489.38	464.38	20.415	60.312	20.77	-96.564	-99999
120	2018	274	1638	25.3	12.337	2.4626	492.53	467.53	20.417	60.359	20.772	-96.673	-99999
120	2018	274	1638	26.3	12.297	2.4567	491.34	466.34	20.415	60.312	20.77	-96.43	-99999
120	2018	274	1638	27.3	12.307	2.4626	492.53	467.53	20.415	60.312	20.77	-96.229	-99999
120	2018	274	1638	28.3	12.302	2.4729	494.58	469.58	20.415	60.336	20.77	-96.207	-99999
120	2018	274	1638	29.3	12.302	2.4782	495.65	470.65	20.417	60.405	20.772	-95.526	-99999
120	2018	274	1638	30.3	12.31	2.4743	494.85	469.85	20.417	60.405	20.772	-96.071	-99999
120	2018	274	1638	31.3	12.297	2.4844	496.88	471.88	20.415	60.336	20.77	-95.895	-99999
120	2018	274	1638	32.3	12.267	2.4845	496.91	471.91	20.415	60.405	20.77	-97.525	-99999
120	2018	274	1638	33.3	12.332	2.4745	494.9	469.9	20.417	60.429	20.772	-95.336	-99999
120	2018	274	1638	34.3	12.34	2.4845	496.91	471.91	20.417	60.429	20.772	-96.695	-99999
120	2018	274	1638	35.3	12.329	2.4909	498.18	473.18	20.42	60.452	20.757	-96.715	-99999
120	2018	274	1638	36.3	12.329	2.4988	499.75	474.75	20.434	60.475	20.772	-97.03	-99999
120	2018	274	1638	37.3	12.337	2.5047	500.94	475.94	20.432	60.498	20.77	-96.598	-99999
120	2018	274	1638	38.3	12.342	2.5094	501.87	476.87	20.42	60.522	20.757	-95.444	-99999
120	2018	274	1638	39.3	12.324	2.515	502.99	477.99	20.436	60.568	20.757	-97.129	-99999
120	2018	274	1638	40.3	12.297	2.5033	500.67	475.67	20.436	60.545	20.757	-95.345	-99999
120	2018	274	1638	41.3	12.307	2.5286	505.73	480.73	20.438	60.522	20.759	-96.98	-99999
120	2018	274	1638	42.3	12.302	2.5201	504.02	479.02	20.455	60.638	20.759	-97.473	-99999
120	2018	274	1638	43.3	12.297	2.5241	504.81	479.81	20.47	60.568	20.757	-95.244	-99999
120	2018	274	1638	44.3	12.297	2.5358	507.16	482.16	20.47	60.638	20.757	-96.057	-99999
120	2018	274	1638	45.3	12.299	2.531	506.21	481.21	20.455	60.615	20.759	-96.087	-99999
120	2018	274	1638	46.3	12.329	2.5358	507.16	482.16	20.457	60.638	20.744	-95.239	-99999
120	2018	274	1638	47.3	12.334	2.5447	508.94	483.94	20.47	60.708	20.757	-96.035	-99999
120	2018	274	1638	48.3	12.334	2.5256	505.11	480.11	20.457	60.685	20.744	-96.91	-99999
120	2018	274	1638	49.3	12.332	2.5505	510.1	485.1	20.441	60.754	20.744	-97.559	-99999
120	2018	274	1638	50.3	12.334	2.5464	509.28	484.28	20.441	60.801	20.744	-96.018	-99999
120	2018	274	1638	51.3	12.324	2.5553	511.06	486.06	20.443	60.685	20.746	-96.651	-99999
120	2018	274	1638	52.3	12.34	2.5652	513.04	488.04	20.426	60.754	20.746	-96.037	-99999
120	2018	274	1638	53.3	12.305	2.5562	511.24	486.24	20.426	60.871	20.746	-97.434	-99999
120	2018	274	1638	54.3	12.302	2.5702	514.05	489.05	20.426	60.731	20.746	-96.171	-99999
120	2018	274	1638	55.3	12.307	2.5709	514.18	489.18	20.424	60.847	20.744	-97.089	-99999
120	2018	274	1638	56.3	12.299	2.5648	512.95	487.95	20.409	60.824	20.746	-94.681	-99999
120	2018	274	1638	57.3	12.299	2.5709	514.18	489.18	20.407	60.871	20.744	-95.661	-99999
120	2018	274	1638	58.3	12.297	2.574	514.8	489.8	20.407	60.801	20.744	-95.428	-99999
120	2018	274	1638	59.3	12.294	2.5847	516.94	491.94	20.394	60.847	20.731	-96.235	-99999
120	2018	274	1639	0.3	12.337	2.5808	516.17	491.17	20.396	60.94	20.733	-96.656	-99999
120	2018	274	1639	1.3	12.332	2.584	516.81	491.81	20.396	60.847	20.733	-96.322	-99999
120	2018	274	1639	2.3	12.34	2.5926	518.52	493.52	20.411	60.987	20.731	-96.035	-99999
120	2018	274	1639	3.3	12.34	2.6	520	495	20.413	60.964	20.733	-96.255	-99999
120	2018	274	1639	4.3	12.329	2.6037	520.75	495.75	20.411	60.94	20.731	-96.726	-99999
120	2018	274	1639	5.3	12.337	2.6035	520.7	495.7	20.396	60.964	20.733	-95.253	-99999
120	2018	274	1639	6.3	12.332	2.6087	521.73	496.73	20.411	60.987	20.731	-97.397	-99999
120	2018	274	1639	7.3	12.283	2.6068	521.36	496.36	20.411	60.987	20.731	-95.5	-99999
120	2018	274	1639	8.3	12.289	2.5574	511.47	486.47	20.394	61.01	20.731	-96.726	-99999
120	2018	274	1639	9.3	12.299	2.5156	503.13	478.13	20.383	61.033	20.721	-97.949	-99999
120	2018	274	1639	10.3	12.294	2.4114	482.27	457.27	20.398	61.033	20.719	-98.009	-99999
120	2018	274	1643	16.3	12.316	2.1359	427.19	402.19	20.273	56.825	20.543	-96.607	-12880
120	2018	274	1643	17.3	12.321	2.1465	429.31	404.31	20.271	56.987	20.541	-98.425	-99999
120	2018	274	1643	18.3	12.326	2.1373	427.46	402.46	20.254	57.08	20.541	-95.785	-99999
120	2018	274	1643	19.3	12.318	2.1397	427.94	402.94	20.256	57.15	20.543	-96.686	-99999
120	2018	274	1643	20.3	12.313	2.1404	428.08	403.08	20.256	57.313	20.543	-96.853	-99999
120	2018	274	1643	21.3	12.315	2.1339	426.78	401.78	20.254	57.359	20.541	-94.829	-99999
120	2018	274	1643	22.3	12.345	2.1513	430.26	405.26	20.256	57.452	20.543	-96.943	-99999
120	2018	274	1643	23.3	12.348	2.1373	427.46	402.46	20.254	57.708	20.541	-96.699	-99999
120	2018	274	1643	24.3	12.359	2.1394	427.87	402.87	20.254	57.801	20.541	-95.518	-99999
120	2018	274	1643	25.3	12.356	2.1441	428.83	403.83	20.256	57.894	20.543	-96.652	-99999
120	2018	274	1643	26.3	12.334	2.1346	426.91	401.91	20.256	58.034	20.543	-97.032	-99999
120	2018	274	1643	27.3	12.359	2.1352	427.05	402.05	20.256	58.197	20.543	-95.315	-99999
120	2018	274	1643	28.3	12.351	2.1274	425.48	400.48	20.256	58.359	20.543	-95.182	-99999
120	2018	274	1643	29.3	12.318	2.1219	424.38	399.38	20.256	58.406	20.543	-97.368	-99999
120	2018	274	1643	30.3	12.324	2.1229	424.59	399.59	20.256	58.476	20.543	-95.716	-99999
120	2018	274	1643	31.3	12.316	2.1151	423.01	398.01	20.256	58.383	20.543	-95.093	-99999
120	2018	274	1643	32.3	12.31	2.1113	422.26	397.26	20.254	58.452	20.541	-97.091	-99999
120	2018	274	1643	33.3	12.326	2.1069	421.37	396.37	20.256	58.383	20.543	-96.451	-99999
120	2018	274	1643	34.3	12.32	2.1111	422.23	397.23	20.256	58.383	20.543	-95.627	-99999
120	2018	274	1643	35.3	12.31	2.1075	421.51	396.51	20.256	58.29	20.543	-96.641	-99999
120	2018	274	1643	36.3	12.351	2.1052	421.03	396.03	20.256	58.197	20.543	-95.693	-99999
120	2018	274	1643	37.3	12.359	2.1106	422.13	397.13	20.254	58.197	20.541	-95.174	-99999
120	2018	274	1643	38.3	12.342	2.1154	423.08	398.08	20.256	58.243	20.543	-98.614	-99999
120	2018	274	1643	39.3	12.356	2.1335	426.71	401.71	20.256	58.336	20.543	-96.597	-99999
120	2018	274	1643	40.3	12.356	2.1257	425.13	400.13	20.24	58.383	20.543	-96.463	-99999
120	2018	274	1643	41.3	12.351	2.1414	428.28	403.28	20.239	58.452	20.543	-97.681	-99999
120	2018	274	1643	42.3	12.34	2.1414	428.28	403.28	20.233	58.615	20.554	-96.65	-99999
120	2018	274	1643	43.3	12.316	2.1469	429.37	404.37	20.233	58.778	20.554	-96.058	-99999
120	2018	274	1643	44.3	12.316	2.1568	431.36	406.36	20.233	58.848	20.554	-97.577	-99999
120	2018	274	1643	45.3	12.318	2.1582	431.63	406.63	20.235	58.987	20.556	-97.005	-99999
120	2018	274	1643	46.3	12.324	2.1623	432.45	407.45	20.235	59.103	20.556	-96.256	-99999
120	2018	274	1643	47.3	12.326	2.1691	433.82	408.82	20.233	59.243	20.554	-97.264	-99999
120	2018	274	1643	48.3	12.316	2.1783	435.67	410.67	20.235	59.313	20.556	-96.926	-99999
120	2018	274	1643	49.3	12.307	2.1732	434.64	409.64	20.252	59.429	20.556	-95.966	-99999
120	2018	274	1643	50.3	12.356	2.18	436.01	411.01	20.235	59.475	20.556	-96.513	-99999
120	2018	274	1643	51.3	12.356	2.1865	437.31	412.31	20.235	59.661	20.556	-97.072	-99999
120	2018	274	1643	52.3	12.353	2.1855	437.1	412.1	20.233	59.778	20.554	-95.768	-99999
120	2018	274	1643	53.3	12.356	2.1865	437.31	412.31	20.233	59.824	20.554	-96.739	-99999
120	2018	274	1643	54.3	12.356	2.1917	438.33	413.33	20.233	59.987	20.554	-96.538	-99999
120	2018	274	1643	55.3	12.353	2.2194	443.87	418.87	20.233	60.103	20.554	-96.159	-99999
120	2018	274	1643	56.3	12.342	2.2006	440.11	415.11	20.235	60.196	20.556	-97.34	-99999
120	2018	274	1643	57.3	12.316	2.2149	442.99	417.99	20.248	60.173	20.569	-97.547	-99999
120	2018	274	1643	58.3	12.324	2.2036	440.73	415.73	20.246	60.336	20.566	-96.443	-99999
120	2018	274	1643	59.3	12.313	2.2197	443.94	418.94	20.248	60.429	20.569	-97.715	-99999
120	2018	274	1644	0.3	12.316	2.2255	445.11	420.11	20.229	60.475	20.566	-96.611	-99999
120	2018	274	1644	1.3	12.326	2.2257	445.14	420.14	20.229	60.545	20.566	-95.085	-99999
120	2018	274	1644	2.3	12.31	2.2317	446.34	421.34	20.229	60.591	20.566	-99.269	-99999
120	2018	274	1644	3.3	12.356	2.2378	447.57	422.57	20.229	60.661	20.566	-97.326	-99999
120	2018	274	1644	4.3	12.351	2.2392	447.84	422.84	20.229	60.801	20.566	-95.196	-99999
120	2018	274	1644	5.3	12.342	2.2426	448.53	423.53	20.246	60.754	20.566	-97.931	-99999
120	2018	274	1644	6.3	12.356	2.2392	447.84	422.84	20.229	60.824	20.566	-95.952	-99999
120	2018	274	1644	7.3	12.359	2.2481	449.62	424.62	20.229	60.94	20.566	-95.752	-99999
120	2018	274	1644	8.3	12.351	2.2556	451.12	426.12	20.231	60.964	20.569	-98.445	-99999
120	2018	274	1644	9.3	12.351	2.2508	450.17	425.17	20.229	61.033	20.566	-97.628	-99999
120	2018	274	1644	10.3	12.321	2.2618	452.36	427.36	20.229	61.033	20.566	-95.229	-99999
120	2018	274	1644	11.3	12.316	2.2625	452.49	427.49	20.242	61.173	20.579	-97.377	-99999
120	2018	274	1644	12.3	12.321	2.2693	453.86	428.86	20.225	61.173	20.579	-96.371	-99999
120	2018	274	1644	13.3	12.313	2.2775	455.5	430.5	20.225	61.126	20.579	-96.649	-99999
120	2018	274	1644	14.3	12.313	2.2775	455.5	430.5	20.242	61.196	20.579	-96.94	-99999
120	2018	274	1644	15.3	12.316	2.2839	456.77	431.77	20.242	61.266	20.579	-95.601	-99999
120	2018	274	1644	16.3	12.305	2.2823	456.46	431.46	20.242	61.336	20.579	-97.825	-99999
120	2018	274	1644	17.3	12.356	2.2926	458.51	433.51	20.242	61.312	20.579	-97.858	-99999
120	2018	274	1644	18.3	12.356	2.2898	457.96	432.96	20.242	61.405	20.579	-94.88	-99999
120	2018	274	1644	19.3	12.342	2.297	459.4	434.4	20.242	61.405	20.579	-97.768	-99999
120	2018	274	1644	20.3	12.351	2.2973	459.47	434.47	20.225	61.475	20.579	-95.969	-99999
120	2018	274	1644	21.3	12.356	2.3042	460.84	435.84	20.225	61.545	20.579	-96.46	-99999
120	2018	274	1644	22.3	12.345	2.2994	459.88	434.88	20.225	61.475	20.579	-97.063	-99999
120	2018	274	1644	23.3	12.351	2.3055	461.11	436.11	20.227	61.545	20.581	-95.732	-99999
120	2018	274	1644	24.3	12.318	2.3226	464.53	439.53	20.24	61.498	20.594	-95.738	-99999
120	2018	274	1644	25.3	12.307	2.3274	465.49	440.49	20.24	61.522	20.594	-96.697	-99999
120	2018	274	1644	26.3	12.324	2.323	464.6	439.6	20.24	61.545	20.594	-95.994	-99999
120	2018	274	1644	27.3	12.32	2.3312	466.24	441.24	20.24	61.638	20.594	-97.144	-99999
120	2018	274	1644	28.3	12.309	2.3343	466.85	441.85	20.24	61.731	20.594	-97.345	-99999
120	2018	274	1644	29.3	12.32	2.3267	465.35	440.35	20.223	61.731	20.594	-95.093	-99999
120	2018	274	1644	30.3	12.31	2.3329	466.58	441.58	20.206	61.661	20.594	-97.962	-99999
120	2018	274	1644	31.3	12.356	2.3324	466.48	441.48	20.206	61.754	20.594	-98.052	-99999
120	2018	274	1644	32.3	12.353	2.3285	465.69	440.69	20.206	61.801	20.594	-94.838	-99999
120	2018	274	1644	33.3	12.345	2.337	467.4	442.4	20.218	61.801	20.607	-97.878	-99999
120	2018	274	1644	34.3	12.359	2.3469	469.39	444.39	20.218	61.824	20.607	-95.377	-99999
120	2018	274	1644	35.3	12.342	2.351	470.21	445.21	20.218	61.917	20.607	-97.542	-99999
120	2018	274	1644	36.3	12.356	2.3469	469.39	444.39	20.218	61.801	20.607	-96.39	-99999
120	2018	274	1644	37.3	12.342	2.3551	471.03	446.03	20.218	61.801	20.607	-95.432	-99999
120	2018	274	1644	38.3	12.321	2.3421	468.43	443.43	20.218	61.87	20.607	-97.788	-99999
120	2018	274	1644	39.3	12.31	2.3524	470.48	445.48	20.231	61.824	20.619	-95.894	-99999
120	2018	274	1644	40.3	12.316	2.3603	472.05	447.05	20.218	61.87	20.607	-96.367	-99999
120	2018	274	1644	41.3	12.318	2.3671	473.42	448.42	20.231	62.01	20.619	-97.917	-99999
120	2018	274	1644	42.3	12.318	2.3616	472.33	447.33	20.229	61.94	20.617	-96.343	-99999
120	2018	274	1644	43.3	12.313	2.3702	474.04	449.04	20.229	61.917	20.617	-97.158	-99999
120	2018	274	1644	44.3	12.302	2.3669	473.38	448.38	20.229	61.963	20.617	-96.901	-99999
120	2018	274	1644	45.3	12.359	2.3726	474.51	449.51	20.231	61.963	20.619	-95.138	-99999
120	2018	274	1644	46.3	12.342	2.3757	475.13	450.13	20.214	62.01	20.619	-97.401	-99999
120	2018	274	1644	47.3	12.351	2.3728	474.56	449.56	20.212	62.01	20.617	-94.397	-99999
120	2018	274	1644	48.3	12.356	2.3794	475.88	450.88	20.195	61.987	20.617	-95.997	-99999
120	2018	274	1644	49.3	12.345	2.3845	476.91	451.91	20.197	62.056	20.619	-97.301	-99999
120	2018	274	1644	50.3	12.355	2.3798	475.95	450.95	20.208	62.126	20.63	-94.082	-99999
120	2018	274	1644	51.3	12.34	2.3897	477.93	452.93	20.208	62.033	20.63	-97.611	-99999
120	2018	274	1644	52.3	12.318	2.389	477.8	452.8	20.21	62.033	20.632	-96.123	-99999
120	2018	274	1644	53.3	12.321	2.3818	476.36	451.36	20.21	62.103	20.632	-96.089	-99999
120	2018	274	1644	54.3	12.304	2.3904	478.07	453.07	20.21	62.103	20.632	-98.181	-99999
120	2018	274	1644	55.3	12.318	2.3828	476.57	451.57	20.208	62.126	20.63	-95.958	-99999
120	2018	274	1644	56.3	12.321	2.3927	478.55	453.55	20.223	62.08	20.645	-98.568	-99999
120	2018	274	1644	57.3	12.31	2.3798	475.95	450.95	20.223	62.103	20.645	-95.693	-99999
120	2018	274	1644	58.3	12.302	2.3849	476.98	451.98	20.223	62.103	20.645	-95.916	-99999
120	2018	274	1644	59.3	12.356	2.3914	478.28	453.28	20.223	62.103	20.645	-96.362	-99999
120	2018	274	1645	0.3	12.359	2.3899	477.98	452.98	20.223	62.103	20.645	-95.938	-99999
120	2018	274	1645	1.3	12.35	2.3986	479.71	454.71	20.223	62.196	20.645	-96.786	-99999
120	2018	274	1645	2.3	12.345	2.3989	479.78	454.78	20.221	62.149	20.643	-96.622	-99999
120	2018	274	1645	3.3	12.348	2.4068	481.35	456.35	20.235	62.219	20.657	-94.965	-99999
120	2018	274	1645	4.3	12.348	2.3979	479.58	454.58	20.233	62.126	20.655	-98.127	-99999
120	2018	274	1645	5.3	12.324	2.4061	481.22	456.22	20.233	62.219	20.655	-96.951	-99999
120	2018	274	1645	6.3	12.313	2.4061	481.22	456.22	20.235	62.196	20.657	-96.736	-99999
120	2018	274	1645	7.3	12.316	2.3996	479.92	454.92	20.235	62.266	20.657	-97.094	-99999
120	2018	274	1645	8.3	12.321	2.414	482.79	457.79	20.235	62.266	20.657	-94.189	-99999
120	2018	274	1645	9.3	12.31	2.4061	481.22	456.22	20.235	62.173	20.657	-97.485	-99999
120	2018	274	1645	10.3	12.324	2.4146	482.93	457.93	20.235	62.196	20.657	-96.044	-99999
120	2018	274	1645	11.3	12.313	2.401	480.19	455.19	20.248	62.242	20.67	-96.496	-99999
120	2018	274	1645	12.3	12.348	2.4075	481.49	456.49	20.248	62.196	20.67	-96.976	-99999
120	2018	274	1645	13.3	12.353	2.4037	480.74	455.74	20.248	62.266	20.67	-94.494	-99999
120	2018	274	1645	14.3	12.348	2.414	482.79	457.79	20.231	62.242	20.67	-97.211	-99999
120	2018	274	1645	15.3	12.356	2.3989	479.78	454.78	20.231	62.196	20.67	-97.637	-99999
120	2018	274	1645	16.3	12.351	2.4085	481.7	456.7	20.212	62.289	20.668	-96.264	-99999
120	2018	274	1645	17.3	12.351	2.4201	484.02	459.02	20.212	62.312	20.668	-98.2	-99999
120	2018	274	1645	18.3	12.353	2.4092	481.83	456.83	20.214	62.289	20.67	-94.694	-99999
120	2018	274	1645	19.3	12.31	2.4263	485.25	460.25	20.242	62.266	20.681	-97.578	-99999
120	2018	274	1645	20.3	12.321	2.4177	483.54	458.54	20.225	62.335	20.681	-95.769	-99999
120	2018	274	1645	21.3	12.321	2.4085	481.7	456.7	20.227	62.312	20.683	-96.971	-99999
120	2018	274	1645	22.3	12.309	2.4201	484.02	459.02	20.244	62.312	20.683	-97.294	-99999
120	2018	274	1645	23.3	12.313	2.4256	485.12	460.12	20.227	62.335	20.683	-95.477	-99999
120	2018	274	1645	24.3	12.307	2.4208	484.16	459.16	20.225	62.289	20.681	-98.318	-99999
120	2018	274	1645	25.3	12.316	2.431	486.21	461.21	20.24	62.289	20.695	-93.962	-99999
120	2018	274	1645	26.3	12.355	2.4208	484.16	459.16	20.24	62.359	20.695	-96.954	-99999
120	2018	274	1645	27.3	12.356	2.4146	482.93	457.93	20.24	62.359	20.695	-94.638	-99999
120	2018	274	1645	28.3	12.361	2.414	482.79	457.79	20.24	62.452	20.695	-95.326	-99999
120	2018	274	1645	29.3	12.35	2.4218	484.36	459.36	20.24	62.405	20.695	-96.495	-99999
120	2018	274	1645	30.3	12.348	2.4256	485.12	460.12	20.253	62.428	20.708	-96.2	-99999
120	2018	274	1645	31.3	12.34	2.4232	484.64	459.64	20.253	62.382	20.708	-95.743	-99999
120	2018	274	1645	32.3	12.345	2.4396	487.92	462.92	20.253	62.382	20.708	-96.178	-99999
120	2018	274	1645	33.3	12.318	2.4232	484.64	459.64	20.253	62.382	20.708	-97.071	-99999
120	2018	274	1645	34.3	12.316	2.4269	485.39	460.39	20.253	62.382	20.708	-97.037	-99999
120	2018	274	1645	35.3	12.321	2.4307	486.14	461.14	20.251	62.475	20.706	-95.079	-99999
120	2018	274	1645	36.3	12.31	2.4254	485.07	460.07	20.25	62.545	20.706	-97.903	-99999
120	2018	274	1645	37.3	12.321	2.4227	484.54	459.54	20.25	62.498	20.706	-96.404	-99999
120	2018	274	1645	38.3	12.316	2.4379	487.58	462.58	20.265	62.452	20.721	-97.524	-99999
120	2018	274	1645	39.3	12.307	2.433	486.59	461.59	20.248	62.428	20.721	-95.961	-99999
120	2018	274	1645	40.3	12.356	2.441	488.19	463.19	20.246	62.428	20.719	-97.438	-99999
120	2018	274	1645	41.3	12.348	2.4348	486.96	461.96	20.248	62.475	20.721	-98.567	-99999
120	2018	274	1645	42.3	12.345	2.4358	487.17	462.17	20.246	62.428	20.719	-96.554	-99999
120	2018	274	1645	43.3	12.345	2.4269	485.39	460.39	20.246	62.428	20.719	-98.965	-99999
120	2018	274	1645	44.3	12.351	2.4341	486.83	461.83	20.246	62.475	20.719	-95.674	-99999
120	2018	274	1645	45.3	12.342	2.4384	487.69	462.69	20.259	62.475	20.731	-95.134	-99999
120	2018	274	1645	46.3	12.342	2.4389	487.78	462.78	20.261	62.452	20.733	-96.434	-99999
120	2018	274	1645	47.3	12.321	2.442	488.4	463.4	20.261	62.475	20.733	-97.284	-99999
120	2018	274	1645	48.3	12.316	2.4352	487.03	462.03	20.259	62.545	20.731	-98.206	-99999
120	2018	274	1645	49.3	12.321	2.4334	486.69	461.69	20.242	62.452	20.731	-96.002	-99999
120	2018	274	1645	50.3	12.31	2.4352	487.03	462.03	20.257	62.498	20.746	-99.243	-99999
120	2018	274	1645	51.3	12.321	2.4415	488.3	463.3	20.257	62.475	20.746	-96.061	-99999
120	2018	274	1645	52.3	12.316	2.4352	487.03	462.03	20.255	62.452	20.744	-97.605	-99999
120	2018	274	1645	53.3	12.305	2.4403	488.06	463.06	20.257	62.521	20.746	-96.753	-99999
120	2018	274	1649	46.3	12.318	2.1318	426.37	401.37	20.148	58.545	20.874	-95.269	-13105
120	2018	274	1649	47.3	12.316	2.1265	425.31	400.31	20.146	58.522	20.871	-95.294	-99999
120	2018	274	1649	48.3	12.351	2.13	425.99	400.99	20.146	58.545	20.871	-95.261	-99999
120	2018	274	1649	49.3	12.351	2.1229	424.59	399.59	20.146	58.499	20.871	-96.185	-99999
120	2018	274	1649	50.3	12.356	2.118	423.6	398.6	20.148	58.522	20.874	-96.026	-99999
120	2018	274	1649	51.3	12.356	2.1322	426.43	401.43	20.146	58.592	20.871	-96.386	-99999
120	2018	274	1649	52.3	12.351	2.1298	425.96	400.96	20.148	58.569	20.874	-97.265	-99999
120	2018	274	1649	53.3	12.345	2.1342	426.84	401.84	20.148	58.638	20.874	-96.048	-99999
120	2018	274	1649	54.3	12.345	2.1352	427.05	402.05	20.148	58.592	20.874	-96.919	-99999
120	2018	274	1649	55.3	12.316	2.1366	427.32	402.32	20.148	58.685	20.874	-96.193	-99999
120	2018	274	1649	56.3	12.326	2.1352	427.05	402.05	20.148	58.778	20.874	-96.495	-99999
120	2018	274	1649	57.3	12.328	2.1647	432.93	407.93	20.148	58.708	20.874	-95.47	-99999
120	2018	274	1649	58.3	12.318	2.1592	431.84	406.84	20.148	58.755	20.874	-96.16	-99999
120	2018	274	1649	59.3	12.321	2.1722	434.44	409.44	20.148	58.848	20.874	-96.383	-99999
120	2018	274	1650	0.3	12.315	2.1787	435.74	410.74	20.148	58.871	20.874	-96.093	-99999
120	2018	274	1650	1.3	12.31	2.1795	435.91	410.91	20.146	58.964	20.871	-94.917	-99999
120	2018	274	1650	2.3	12.348	2.1865	437.31	412.31	20.148	59.103	20.874	-95.47	-99999
120	2018	274	1650	3.3	12.348	2.1965	439.29	414.29	20.148	59.15	20.874	-97.031	-99999
120	2018	274	1650	4.3	12.359	2.1977	439.53	414.53	20.148	59.22	20.874	-95.803	-99999
120	2018	274	1650	5.3	12.348	2.2105	442.1	417.1	20.148	59.382	20.874	-97.031	-99999
120	2018	274	1650	6.3	12.351	2.2031	440.63	415.63	20.148	59.499	20.874	-97.076	-99999
120	2018	274	1650	7.3	12.351	2.2221	444.42	419.42	20.148	59.452	20.874	-95.425	-99999
120	2018	274	1650	8.3	12.34	2.2172	443.43	418.43	20.148	59.545	20.874	-96.763	-99999
120	2018	274	1650	9.3	12.313	2.2324	446.47	421.47	20.146	59.731	20.871	-95.873	-99999
120	2018	274	1650	10.3	12.318	2.2375	447.5	422.5	20.148	59.731	20.874	-98.129	-99999
120	2018	274	1650	11.3	12.321	2.2416	448.32	423.32	20.135	59.847	20.861	-95.887	-99999
120	2018	274	1650	12.3	12.321	2.2401	448.02	423.02	20.152	59.894	20.861	-95.932	-99999
120	2018	274	1650	13.3	12.318	2.2454	449.07	424.07	20.169	59.964	20.861	-97.451	-99999
120	2018	274	1650	14.3	12.326	2.243	448.59	423.59	20.167	60.103	20.859	-96.47	-99999
120	2018	274	1650	15.3	12.297	2.2577	451.53	426.53	20.169	60.196	20.861	-96.378	-99999
120	2018	274	1650	16.3	12.353	2.2618	452.36	427.36	20.169	60.219	20.861	-95.843	-99999
120	2018	274	1650	17.3	12.358	2.2661	453.21	428.21	20.169	60.243	20.861	-96.355	-99999
120	2018	274	1650	18.3	12.359	2.2611	452.22	427.22	20.167	60.405	20.859	-97.106	-99999
120	2018	274	1650	19.3	12.353	2.272	454.41	429.41	20.167	60.405	20.859	-95.445	-99999
120	2018	274	1650	20.3	12.345	2.2645	452.9	427.9	20.167	60.452	20.859	-96.224	-99999
120	2018	274	1650	21.3	12.348	2.2679	453.59	428.59	20.169	60.545	20.861	-96.835	-99999
120	2018	274	1650	22.3	12.318	2.2804	456.09	431.09	20.186	60.545	20.861	-96.378	-99999
120	2018	274	1650	23.3	12.321	2.2809	456.19	431.19	20.169	60.638	20.861	-96.132	-99999
120	2018	274	1650	24.3	12.321	2.2825	456.5	431.5	20.169	60.731	20.861	-95.397	-99999
120	2018	274	1650	25.3	12.31	2.2796	455.91	430.91	20.169	60.731	20.861	-95.575	-99999
120	2018	274	1650	26.3	12.321	2.2884	457.69	432.69	20.167	60.778	20.859	-96.291	-99999
120	2018	274	1650	27.3	12.316	2.2912	458.24	433.24	20.167	60.94	20.859	-95.767	-99999
120	2018	274	1650	28.3	12.313	2.302	460.4	435.4	20.137	60.987	20.846	-96.889	-99999
120	2018	274	1650	29.3	12.356	2.302	460.4	435.4	20.139	60.894	20.848	-95.503	-99999
120	2018	274	1650	30.3	12.345	2.2956	459.13	434.13	20.137	60.987	20.846	-96.553	-99999
120	2018	274	1650	31.3	12.359	2.3126	462.52	437.52	20.139	61.057	20.848	-95.748	-99999
120	2018	274	1650	32.3	12.348	2.3097	461.93	436.93	20.154	61.01	20.846	-95.974	-99999
120	2018	274	1650	33.3	12.351	2.3076	461.52	436.52	20.154	61.15	20.846	-97.548	-99999
120	2018	274	1650	34.3	12.359	2.3185	463.71	438.71	20.156	61.219	20.848	-96.015	-99999
120	2018	274	1650	35.3	12.34	2.3069	461.38	436.38	20.139	61.173	20.848	-96.015	-99999
120	2018	274	1650	36.3	12.313	2.3199	463.98	438.98	20.156	61.173	20.848	-96.528	-99999
120	2018	274	1650	37.3	12.316	2.3168	463.37	438.37	20.122	61.289	20.848	-96.238	-99999
120	2018	274	1650	38.3	12.318	2.3267	465.35	440.35	20.11	61.336	20.835	-96.344	-99999
120	2018	274	1650	39.3	12.326	2.3256	465.12	440.12	20.11	61.289	20.835	-96.344	-99999
120	2018	274	1650	40.3	12.318	2.3206	464.12	439.12	20.108	61.359	20.833	-95.923	-99999
120	2018	274	1650	41.3	12.321	2.3298	465.97	440.97	20.11	61.452	20.835	-96.333	-99999
120	2018	274	1650	42.3	12.31	2.3274	465.49	440.49	20.108	61.405	20.833	-95.768	-99999
120	2018	274	1650	43.3	12.353	2.325	465.01	440.01	20.11	61.522	20.835	-97.059	-99999
120	2018	274	1650	44.3	12.356	2.3363	467.26	442.26	20.108	61.475	20.833	-96.637	-99999
120	2018	274	1650	45.3	12.348	2.3334	466.69	441.69	20.11	61.452	20.835	-96.478	-99999
120	2018	274	1650	46.3	12.348	2.3377	467.54	442.54	20.095	61.475	20.82	-95.829	-99999
120	2018	274	1650	47.3	12.351	2.3356	467.13	442.13	20.097	61.545	20.823	-96.283	-99999
120	2018	274	1650	48.3	12.356	2.3509	470.18	445.18	20.095	61.591	20.82	-95.162	-99999
120	2018	274	1650	49.3	12.351	2.3415	468.29	443.29	20.097	61.591	20.823	-97.412	-99999
120	2018	274	1650	50.3	12.313	2.3486	469.73	444.73	20.097	61.615	20.823	-96.338	-99999
120	2018	274	1650	51.3	12.316	2.3605	472.09	447.09	20.097	61.615	20.823	-96.729	-99999
120	2018	274	1650	52.3	12.321	2.3567	471.34	446.34	20.095	61.684	20.82	-96.811	-99999
120	2018	274	1650	53.3	12.321	2.3633	472.67	447.67	20.097	61.754	20.823	-97.3	-99999
120	2018	274	1650	54.3	12.316	2.3493	469.86	444.86	20.095	61.754	20.82	-95.784	-99999
120	2018	274	1650	55.3	12.313	2.3598	471.96	446.96	20.095	61.754	20.82	-96.453	-99999
120	2018	274	1650	56.3	12.31	2.3653	473.05	448.05	20.084	61.754	20.81	-97.026	-99999
120	2018	274	1650	57.3	12.359	2.362	472.39	447.39	20.084	61.754	20.81	-97.586	-99999
120	2018	274	1650	58.3	12.351	2.3651	473.01	448.01	20.082	61.777	20.808	-96.783	-99999
120	2018	274	1650	59.3	12.353	2.3633	472.67	447.67	20.082	61.824	20.808	-96.503	-99999
120	2018	274	1651	0.3	12.34	2.3705	474.1	449.1	20.065	61.917	20.808	-95.823	-99999
120	2018	274	1651	1.3	12.348	2.3729	474.58	449.58	20.084	61.847	20.81	-95.242	-99999
120	2018	274	1651	2.3	12.345	2.3762	475.24	450.24	20.082	61.987	20.808	-96.002	-99999
120	2018	274	1651	3.3	12.337	2.3798	475.95	450.95	20.067	61.94	20.81	-96.612	-99999
120	2018	274	1651	4.3	12.32	2.3806	476.13	451.13	20.065	61.987	20.808	-96.582	-99999
120	2018	274	1651	5.3	12.321	2.3868	477.36	452.36	20.069	61.987	20.795	-96.911	-99999
120	2018	274	1651	6.3	12.324	2.393	478.59	453.59	20.071	61.987	20.797	-96.864	-99999
120	2018	274	1651	7.3	12.324	2.3859	477.18	452.18	20.069	62.08	20.795	-96.041	-99999
120	2018	274	1651	8.3	12.316	2.3906	478.11	453.11	20.071	62.01	20.797	-97.177	-99999
120	2018	274	1651	9.3	12.324	2.3992	479.85	454.85	20.071	62.056	20.797	-95.615	-99999
120	2018	274	1651	10.3	12.302	2.3984	479.69	454.69	20.071	62.126	20.797	-95.281	-99999
120	2018	274	1651	11.3	12.356	2.3934	478.69	453.69	20.069	62.056	20.795	-97.583	-99999
120	2018	274	1651	12.3	12.356	2.401	480.19	455.19	20.071	62.149	20.797	-96.953	-99999
120	2018	274	1651	13.3	12.345	2.403	480.6	455.6	20.069	62.173	20.795	-97.583	-99999
120	2018	274	1651	14.3	12.361	2.4036	480.71	455.71	20.071	62.219	20.797	-97.602	-99999
120	2018	274	1651	15.3	12.353	2.4078	481.56	456.56	20.071	62.219	20.797	-96.707	-99999
120	2018	274	1651	16.3	12.345	2.4071	481.42	456.42	20.059	62.219	20.784	-96.233	-99999
120	2018	274	1651	17.3	12.342	2.4133	482.65	457.65	20.059	62.219	20.784	-96.814	-99999
120	2018	274	1651	18.3	12.31	2.414	482.79	457.79	20.059	62.173	20.784	-96.278	-99999
120	2018	274	1651	19.3	12.324	2.4064	481.29	456.29	20.059	62.289	20.784	-97.373	-99999
120	2018	274	1651	20.3	12.318	2.4133	482.65	457.65	20.059	62.266	20.784	-96.244	-99999
120	2018	274	1651	21.3	12.315	2.4163	483.27	458.27	20.059	62.382	20.784	-96.189	-99999
120	2018	274	1651	22.3	12.318	2.4105	482.11	457.11	20.059	62.382	20.784	-96.814	-99999
120	2018	274	1651	23.3	12.316	2.4111	482.22	457.22	20.057	62.359	20.782	-95.523	-99999
120	2018	274	1651	24.3	12.313	2.4269	485.39	460.39	20.046	62.312	20.772	-97.121	-99999
120	2018	274	1651	25.3	12.353	2.4187	483.75	458.75	20.057	62.428	20.782	-96.303	-99999
120	2018	274	1651	26.3	12.345	2.422	484.4	459.4	20.046	62.335	20.772	-95.859	-99999
120	2018	274	1651	27.3	12.353	2.414	482.79	457.79	20.078	62.382	20.77	-96.833	-99999
120	2018	274	1651	28.3	12.358	2.4324	486.48	461.48	20.08	62.428	20.772	-95.982	-99999
120	2018	274	1651	29.3	12.345	2.4232	484.64	459.64	20.078	62.405	20.77	-97.191	-99999
120	2018	274	1651	30.3	12.34	2.4348	486.96	461.96	20.046	62.405	20.772	-96.696	-99999
120	2018	274	1651	31.3	12.313	2.4437	488.74	463.74	20.046	62.475	20.772	-97.726	-99999
120	2018	274	1651	32.3	12.318	2.4437	488.74	463.74	20.046	62.545	20.772	-96.54	-99999
120	2018	274	1651	33.3	12.324	2.4444	488.88	463.88	20.061	62.428	20.77	-97.594	-99999
120	2018	274	1651	34.3	12.313	2.4372	487.44	462.44	20.063	62.428	20.772	-97.009	-99999
120	2018	274	1651	35.3	12.313	2.4501	490.01	465.01	20.048	62.498	20.757	-96.917	-99999
120	2018	274	1651	36.3	12.316	2.4481	489.63	464.63	20.067	62.591	20.759	-96.624	-99999
120	2018	274	1651	37.3	12.313	2.4481	489.63	464.63	20.065	62.545	20.757	-97.958	-99999
120	2018	274	1651	38.3	12.348	2.4559	491.18	466.18	20.065	62.475	20.757	-96.805	-99999
120	2018	274	1651	39.3	12.351	2.4545	490.9	465.9	20.065	62.475	20.757	-97.701	-99999
120	2018	274	1651	40.3	12.353	2.4549	490.97	465.97	20.067	62.498	20.759	-97.228	-99999
120	2018	274	1651	41.3	12.356	2.442	488.4	463.4	20.065	62.614	20.757	-97.074	-99999
120	2018	274	1651	42.3	12.345	2.4601	492.02	467.02	20.067	62.521	20.759	-96.769	-99999
120	2018	274	1651	43.3	12.347	2.4463	489.26	464.26	20.052	62.498	20.744	-96.264	-99999
120	2018	274	1651	44.3	12.347	2.4567	491.34	466.34	20.054	62.521	20.746	-96.552	-99999
120	2018	274	1651	45.3	12.321	2.457	491.41	466.41	20.054	62.545	20.746	-97.312	-99999
120	2018	274	1651	46.3	12.321	2.4529	490.59	465.59	20.052	62.638	20.744	-96.153	-99999
120	2018	274	1651	47.3	12.305	2.4505	490.11	465.11	20.054	62.684	20.746	-97.334	-99999
120	2018	274	1651	48.3	12.321	2.4553	491.07	466.07	20.052	62.545	20.744	-96.666	-99999
120	2018	274	1651	49.3	12.324	2.4538	490.77	465.77	20.037	62.545	20.746	-96.328	-99999
120	2018	274	1651	50.3	12.313	2.4574	491.48	466.48	20.023	62.591	20.731	-96.259	-99999
120	2018	274	1651	51.3	12.31	2.4529	490.59	465.59	20.008	62.591	20.733	-96.122	-99999
120	2018	274	1651	52.3	12.345	2.4567	491.34	466.34	20.006	62.661	20.731	-95.791	-99999
120	2018	274	1651	53.3	12.353	2.4577	491.54	466.54	20.006	62.638	20.731	-97.488	-99999
120	2018	274	1651	54.3	12.345	2.4632	492.64	467.64	20.006	62.731	20.731	-96.861	-99999
120	2018	274	1651	55.3	12.342	2.4555	491.11	466.11	20.008	62.661	20.733	-96.266	-99999
120	2018	274	1651	56.3	12.351	2.4717	494.35	469.35	19.995	62.754	20.721	-96.931	-99999
120	2018	274	1651	57.3	12.345	2.4601	492.02	467.02	20.012	62.754	20.721	-95.793	-99999
120	2018	274	1651	58.3	12.342	2.4451	489.01	464.01	20.012	62.684	20.721	-97.883	-99999
120	2018	274	1651	59.3	12.318	2.404	480.81	455.81	20.01	62.684	20.719	-96.32	-99999
120	2018	274	1652	0.3	12.318	2.3859	477.18	452.18	20.012	62.661	20.721	-97.39	-99999
120	2018	274	1652	1.3	12.318	2.369	473.8	448.8	20.01	62.684	20.719	-97.583	-99999
120	2018	274	1652	2.3	12.318	2.3452	469.04	444.04	20.01	62.684	20.719	-96.085	-99999
120	2018	274	1652	3.3	12.313	2.3281	465.62	440.62	19.993	62.731	20.719	-97.482	-99999
120	2018	274	1652	4.3	12.321	2.3136	462.72	437.72	19.982	62.614	20.708	-96.691	-99999
120	2018	274	1652	5.3	12.313	2.283	456.6	431.6	19.98	62.591	20.706	-97.679	-99999
120	2018	274	1652	6.3	12.348	2.262	452.39	427.39	19.98	62.661	20.706	-96.672	-99999
120	2018	274	1652	7.3	12.345	2.2611	452.22	427.22	19.963	62.545	20.706	-96.314	-99999
120	2018	274	1655	25.3	12.289	2.1741	434.82	409.82	19.613	58.638	20.39	-96.577	-13435
120	2018	274	1655	26.3	12.253	2.1662	433.24	408.24	19.613	58.662	20.39	-94.996	-99999
120	2018	274	1655	27.3	12.251	2.1607	432.15	407.15	19.598	58.801	20.392	-96.753	-99999
120	2018	274	1655	28.3	12.251	2.1577	431.53	406.53	19.596	58.755	20.39	-96.197	-99999
120	2018	274	1655	29.3	12.259	2.1635	432.69	407.69	19.598	58.755	20.392	-97.379	-99999
120	2018	274	1655	30.3	12.256	2.1515	430.3	405.3	19.596	58.778	20.39	-96.733	-99999
120	2018	274	1655	31.3	12.253	2.1563	431.26	406.26	19.598	58.848	20.392	-96.686	-99999
120	2018	274	1655	32.3	12.235	2.1606	432.11	407.11	19.596	58.848	20.39	-96.554	-99999
120	2018	274	1655	33.3	12.299	2.1618	432.35	407.35	19.6	58.941	20.377	-94.48	-99999
120	2018	274	1655	34.3	12.291	2.158	431.6	406.6	19.602	58.917	20.379	-96.792	-99999
120	2018	274	1655	35.3	12.299	2.1621	432.42	407.42	19.602	59.01	20.379	-95.387	-99999
120	2018	274	1655	36.3	12.296	2.1696	433.93	408.93	19.602	58.987	20.379	-96.993	-99999
120	2018	274	1655	37.3	12.299	2.1799	435.98	410.98	19.6	58.987	20.377	-94.99	-99999
120	2018	274	1655	38.3	12.294	2.1765	435.29	410.29	19.602	59.127	20.379	-97.418	-99999
120	2018	274	1655	39.3	12.274	2.186	437.21	412.21	19.602	59.15	20.379	-96.211	-99999
120	2018	274	1655	40.3	12.253	2.1997	439.95	414.95	19.602	59.173	20.379	-97.485	-99999
120	2018	274	1655	41.3	12.253	2.2141	442.82	417.82	19.588	59.173	20.364	-95.14	-99999
120	2018	274	1655	42.3	12.258	2.2038	440.77	415.77	19.59	59.289	20.366	-96.518	-99999
120	2018	274	1655	43.3	12.253	2.2021	440.42	415.42	19.59	59.429	20.366	-97.099	-99999
120	2018	274	1655	44.3	12.264	2.2137	442.75	417.75	19.604	59.429	20.364	-96.99	-99999
120	2018	274	1655	45.3	12.245	2.2093	441.86	416.86	19.607	59.499	20.366	-97.3	-99999
120	2018	274	1655	46.3	12.299	2.2202	444.05	419.05	19.604	59.522	20.364	-96.632	-99999
120	2018	274	1655	47.3	12.296	2.2267	445.35	420.35	19.607	59.615	20.366	-96.429	-99999
120	2018	274	1655	48.3	12.291	2.2165	443.3	418.3	19.604	59.638	20.364	-94.896	-99999
120	2018	274	1655	49.3	12.291	2.2271	445.42	420.42	19.594	59.731	20.354	-97.138	-99999
120	2018	274	1655	50.3	12.296	2.2202	444.05	419.05	19.609	59.778	20.352	-95.268	-99999
120	2018	274	1655	51.3	12.294	2.2373	447.47	422.47	19.609	59.801	20.352	-84.637	-99999
120	2018	274	1655	52.3	12.294	2.2397	447.95	422.95	19.643	59.824	20.352	-63.518	-99999
120	2018	274	1655	53.3	12.262	2.238	447.61	422.61	19.626	59.917	20.352	-96.426	-99999
120	2018	274	1655	54.3	12.259	2.2435	448.7	423.7	19.643	60.033	20.352	-95.334	-99999
120	2018	274	1655	55.3	12.256	2.2404	448.08	423.08	19.626	60.01	20.352	-97.723	-99999
120	2018	274	1655	56.3	12.253	2.2476	449.52	424.52	19.632	60.116	20.341	-96.016	-99999
120	2018	274	1655	57.3	12.262	2.2473	449.45	424.45	19.613	60.173	20.339	-97.695	-99999
120	2018	274	1655	58.3	12.25	2.2466	449.32	424.32	19.613	60.15	20.339	-97.897	-99999
120	2018	274	1655	59.3	12.255	2.2572	451.44	426.44	19.63	60.243	20.339	-97.875	-99999
120	2018	274	1656	0.3	12.299	2.2534	450.68	425.68	19.613	60.382	20.339	-97.337	-99999
120	2018	274	1656	1.3	12.297	2.2627	452.53	427.53	19.63	60.312	20.339	-97.225	-99999
120	2018	274	1656	2.3	12.286	2.2688	453.76	428.76	19.603	60.382	20.329	-96.39	-99999
120	2018	274	1656	3.3	12.299	2.262	452.39	427.39	19.6	60.522	20.327	-98.183	-99999
120	2018	274	1656	4.3	12.291	2.2674	453.49	428.49	19.602	60.522	20.329	-96.479	-99999
120	2018	274	1656	5.3	12.294	2.2674	453.49	428.49	19.603	60.511	20.329	-95.788	-99999
120	2018	274	1656	6.3	12.293	2.2627	452.53	427.53	19.6	60.604	20.327	-96.348	-99999
120	2018	274	1656	7.3	12.258	2.2808	456.16	431.16	19.588	60.685	20.314	-96.097	-99999
120	2018	274	1656	8.3	12.256	2.2873	457.46	432.46	19.59	60.638	20.316	-96.652	-99999
120	2018	274	1656	9.3	12.269	2.2695	453.9	428.9	19.59	60.685	20.316	-96.072	-99999
120	2018	274	1656	10.3	12.259	2.2811	456.22	431.22	19.59	60.731	20.316	-97.479	-99999
120	2018	274	1656	11.3	12.259	2.2821	456.43	431.43	19.59	60.813	20.316	-96.652	-99999
120	2018	274	1656	12.3	12.253	2.2845	456.91	431.91	19.577	60.801	20.303	-97.048	-99999
120	2018	274	1656	13.3	12.25	2.2893	457.87	432.87	19.577	60.847	20.303	-94.621	-99999
120	2018	274	1656	14.3	12.293	2.2907	458.14	433.14	19.575	60.917	20.301	-96.917	-99999
120	2018	274	1656	15.3	12.288	2.2914	458.28	433.28	19.577	60.999	20.303	-96.914	-99999
120	2018	274	1656	16.3	12.301	2.2907	458.14	433.14	19.577	61.057	20.303	-97.429	-99999
120	2018	274	1656	17.3	12.289	2.2962	459.23	434.23	19.577	60.987	20.303	-96.244	-99999
120	2018	274	1656	18.3	12.299	2.2982	459.64	434.64	19.575	61.033	20.301	-98.239	-99999
120	2018	274	1656	19.3	12.288	2.3037	460.74	435.74	19.565	61.08	20.291	-97.468	-99999
120	2018	274	1656	20.3	12.291	2.2989	459.78	434.78	19.575	61.15	20.301	-96.716	-99999
120	2018	274	1656	21.3	12.255	2.3051	461.01	436.01	19.565	61.266	20.291	-96.953	-99999
120	2018	274	1656	22.3	12.266	2.3092	461.83	436.83	19.565	61.209	20.291	-96.953	-99999
120	2018	274	1656	23.3	12.255	2.3109	462.17	437.17	19.579	61.312	20.289	-95.796	-99999
120	2018	274	1656	24.3	12.258	2.3129	462.59	437.59	19.592	61.289	20.301	-96.604	-99999
120	2018	274	1656	25.3	12.253	2.3109	462.17	437.17	19.579	61.266	20.289	-97.09	-99999
120	2018	274	1656	26.3	12.259	2.3153	463.06	438.06	19.552	61.348	20.278	-95.12	-99999
120	2018	274	1656	27.3	12.232	2.3153	463.06	438.06	19.577	61.371	20.287	-95.865	-99999
120	2018	274	1656	28.3	12.294	2.3201	464.02	439.02	19.552	61.475	20.278	-95.765	-99999
120	2018	274	1656	29.3	12.302	2.316	463.2	438.2	19.55	61.395	20.276	-97.891	-99999
120	2018	274	1656	30.3	12.305	2.3232	464.64	439.64	19.552	61.452	20.278	-96.367	-99999
120	2018	274	1656	31.3	12.299	2.3287	465.73	440.73	19.55	61.498	20.276	-97.017	-99999
120	2018	274	1656	32.3	12.293	2.3177	463.54	438.54	19.55	61.511	20.276	-96.347	-99999
120	2018	274	1656	33.3	12.294	2.3304	466.07	441.07	19.548	61.429	20.274	-97.222	-99999
120	2018	274	1656	34.3	12.297	2.3345	466.89	441.89	19.54	61.498	20.266	-96.83	-99999
120	2018	274	1656	35.3	12.264	2.329	465.8	440.8	19.537	61.534	20.264	-99.392	-99999
120	2018	274	1656	36.3	12.264	2.3386	467.72	442.72	19.548	61.522	20.274	-96.417	-99999
120	2018	274	1656	37.3	12.258	2.3276	465.53	440.53	19.556	61.522	20.266	-98.376	-99999
120	2018	274	1656	38.3	12.259	2.3324	466.48	441.48	19.573	61.581	20.266	-96.383	-99999
120	2018	274	1656	39.3	12.261	2.3403	468.06	443.06	19.556	61.638	20.266	-95.871	-99999
120	2018	274	1656	40.3	12.258	2.3331	466.62	441.62	19.54	61.568	20.266	-97.188	-99999
120	2018	274	1656	41.3	12.242	2.3396	467.92	442.92	19.527	61.72	20.253	-99.271	-99999
120	2018	274	1656	42.3	12.291	2.3348	466.96	441.96	19.527	61.674	20.253	-97.227	-99999
120	2018	274	1656	43.3	12.301	2.328	465.59	440.59	19.527	61.754	20.253	-98.056	-99999
120	2018	274	1656	44.3	12.293	2.3389	467.78	442.78	19.525	61.638	20.251	-96.782	-99999
120	2018	274	1656	45.3	12.299	2.342	468.4	443.4	19.527	61.661	20.253	-98.618	-99999
120	2018	274	1656	46.3	12.301	2.3379	467.58	442.58	19.535	61.708	20.261	-96.813	-99999
120	2018	274	1656	47.3	12.293	2.3348	466.96	441.96	19.527	61.743	20.253	-96.869	-99999
120	2018	274	1656	48.3	12.264	2.3389	467.78	442.78	19.535	61.743	20.261	-98.112	-99999
120	2018	274	1656	49.3	12.255	2.3458	469.15	444.15	19.514	61.754	20.241	-95.793	-99999
120	2018	274	1656	50.3	12.251	2.3386	467.72	442.72	19.523	61.847	20.249	-96.584	-99999
120	2018	274	1656	51.3	12.261	2.3447	468.95	443.95	19.531	61.824	20.241	-97.087	-99999
120	2018	274	1656	52.3	12.248	2.3386	467.72	442.72	19.529	61.837	20.238	-96.286	-99999
120	2018	274	1656	53.3	12.264	2.3434	468.67	443.67	19.548	61.754	20.241	-97.579	-99999
120	2018	274	1656	54.3	12.253	2.344	468.81	443.81	19.546	61.777	20.238	-96.956	-99999
120	2018	274	1656	55.3	12.297	2.3482	469.63	444.63	19.565	61.837	20.241	-97.154	-99999
120	2018	274	1656	56.3	12.296	2.3509	470.18	445.18	19.565	61.87	20.241	-98.185	-99999
120	2018	274	1656	57.3	12.299	2.3413	468.26	443.26	19.559	61.883	20.251	-96.135	-99999
120	2018	274	1656	58.3	12.291	2.3413	468.26	443.26	19.563	61.847	20.238	-97.336	-99999
120	2018	274	1656	59.3	12.304	2.3468	469.36	444.36	19.552	61.883	20.228	-96.322	-99999
120	2018	274	1657	0.3	12.291	2.3464	469.29	444.29	19.533	61.824	20.226	-96.592	-99999
120	2018	274	1657	1.3	12.302	2.342	468.4	443.4	19.536	61.883	20.228	-96.523	-99999
120	2018	274	1657	2.3	12.258	2.3379	467.58	442.58	19.533	61.93	20.226	-97.487	-99999
120	2018	274	1657	3.3	12.253	2.3458	469.15	444.15	19.536	61.94	20.228	-96.344	-99999
120	2018	274	1657	4.3	12.253	2.3557	471.14	446.14	19.544	62.046	20.236	-97.675	-99999
120	2018	274	1657	5.3	12.262	2.3464	469.29	444.29	19.521	61.917	20.213	-96.743	-99999
120	2018	274	1657	6.3	12.256	2.3471	469.43	444.43	19.521	62.092	20.213	-97.213	-99999
120	2018	274	1657	7.3	12.264	2.3505	470.11	445.11	19.523	61.94	20.215	-97.008	-99999
120	2018	274	1657	8.3	12.253	2.3495	469.9	444.9	19.531	62.023	20.224	-96.55	-99999
120	2018	274	1657	9.3	12.299	2.3519	470.38	445.38	19.523	62.116	20.215	-96.182	-99999
120	2018	274	1657	10.3	12.304	2.3547	470.93	445.93	19.531	62.01	20.224	-97.714	-99999
120	2018	274	1657	11.3	12.294	2.3543	470.86	445.86	19.523	62.103	20.215	-95.358	-99999
120	2018	274	1657	12.3	12.293	2.3492	469.84	444.84	19.519	62.056	20.211	-98.359	-99999
120	2018	274	1657	13.3	12.293	2.3499	469.97	444.97	19.523	62.139	20.215	-97.255	-99999
120	2018	274	1657	14.3	12.291	2.3591	471.82	446.82	19.521	62.162	20.213	-97.75	-99999
120	2018	274	1657	15.3	12.299	2.3724	474.49	449.49	19.521	62.092	20.213	-95.339	-99999
120	2018	274	1657	16.3	12.266	2.3584	471.68	446.68	19.519	62.116	20.211	-98.022	-99999
120	2018	274	1657	17.3	12.255	2.3581	471.61	446.61	19.521	62.139	20.213	-96.118	-99999
120	2018	274	1657	18.3	12.264	2.3581	471.61	446.61	19.519	62.219	20.211	-98.426	-99999
120	2018	274	1657	19.3	12.25	2.3557	471.14	446.14	19.521	62.149	20.213	-97.392	-99999
120	2018	274	1657	20.3	12.255	2.356	471.2	446.2	19.508	62.196	20.201	-97.722	-99999
120	2018	274	1657	21.3	12.258	2.3611	472.23	447.23	19.521	62.219	20.213	-96.922	-99999
120	2018	274	1657	22.3	12.25	2.3707	474.14	449.14	19.496	62.266	20.188	-97.604	-99999
120	2018	274	1657	23.3	12.296	2.3646	472.91	447.91	19.498	62.232	20.19	-96.238	-99999
120	2018	274	1657	24.3	12.307	2.367	473.39	448.39	19.496	62.302	20.188	-98.547	-99999
120	2018	274	1657	25.3	12.291	2.3499	469.97	444.97	19.508	62.266	20.201	-96.425	-99999
120	2018	274	1657	26.3	12.305	2.3601	472.02	447.02	19.513	62.255	20.188	-96.374	-99999
120	2018	274	1657	27.3	12.291	2.367	473.39	448.39	19.508	62.278	20.201	-97.61	-99999
120	2018	274	1657	28.3	12.288	2.3622	472.43	447.43	19.496	62.278	20.188	-96.888	-99999
120	2018	274	1657	29.3	12.288	2.3605	472.09	447.09	19.508	62.289	20.201	-97.386	-99999
120	2018	274	1657	30.3	12.266	2.3553	471.07	446.07	19.496	62.359	20.188	-97.335	-99999
120	2018	274	1657	31.3	12.25	2.3567	471.34	446.34	19.498	62.371	20.19	-97.669	-99999
120	2018	274	1657	32.3	12.261	2.3533	470.66	445.66	19.523	62.312	20.199	-96.829	-99999
120	2018	274	1657	33.3	12.251	2.3611	472.23	447.23	19.525	62.335	20.201	-96.469	-99999
120	2018	274	1657	34.3	12.261	2.3567	471.34	446.34	19.485	62.464	20.178	-97.304	-99999
120	2018	274	1657	35.3	12.255	2.3519	470.38	445.38	19.496	62.348	20.188	-97.179	-99999
120	2018	274	1657	36.3	12.245	2.3567	471.34	446.34	19.483	62.395	20.176	-96.793	-99999
120	2018	274	1657	37.3	12.291	2.3567	471.34	446.34	19.53	62.418	20.188	-96.374	-99999
120	2018	274	1658	24.3	12.286	2.1276	425.51	400.51	19.475	59.046	20.1	-96.067	-14717
120	2018	274	1658	25.3	12.255	2.133	426.61	401.61	19.488	59.046	20.113	-97.906	-99999
120	2018	274	1658	26.3	12.24	2.1423	428.45	403.45	19.469	58.999	20.111	-98.83	-99999
120	2018	274	1658	27.3	12.25	2.1385	427.7	402.7	19.488	59.092	20.113	-97.122	-99999
120	2018	274	1658	28.3	12.253	2.1423	428.45	403.45	19.488	58.976	20.113	-97.57	-99999
120	2018	274	1658	29.3	12.255	2.1508	430.16	405.16	19.475	58.999	20.1	-98.125	-99999
120	2018	274	1658	30.3	12.24	2.1471	429.41	404.41	19.465	59.046	20.09	-97.13	-99999
120	2018	274	1658	31.3	12.231	2.1628	432.56	407.56	19.465	59.069	20.09	-95.947	-99999
120	2018	274	1658	32.3	12.285	2.1614	432.28	407.28	19.475	59.046	20.1	-96.401	-99999
120	2018	274	1658	33.3	12.285	2.171	434.2	409.2	19.475	59.069	20.1	-97.049	-99999
120	2018	274	1658	34.3	12.28	2.1782	435.64	410.64	19.475	59.162	20.1	-97.071	-99999
120	2018	274	1658	35.3	12.293	2.1908	438.17	413.17	19.475	59.278	20.1	-95.978	-99999
120	2018	274	1658	36.3	12.293	2.1761	435.23	410.23	19.465	59.232	20.09	-97.287	-99999
120	2018	274	1658	37.3	12.293	2.1932	438.65	413.65	19.463	59.325	20.088	-95.171	-99999
120	2018	274	1658	38.3	12.282	2.1977	439.53	414.53	19.452	59.488	20.077	-97.908	-99999
120	2018	274	1658	39.3	12.247	2.1977	439.53	414.53	19.463	59.581	20.088	-94.35	-99999
120	2018	274	1658	40.3	12.25	2.197	439.4	414.4	19.436	59.511	20.077	-100.09	-99999
120	2018	274	1658	41.3	12.25	2.1984	439.67	414.67	19.433	59.568	20.075	-96.01	-99999
120	2018	274	1658	42.3	12.251	2.1943	438.85	413.85	19.446	59.72	20.088	-97.11	-99999
120	2018	274	1658	43.3	12.25	2.1915	438.3	413.3	19.433	59.754	20.075	-96.01	-99999
120	2018	274	1658	44.3	12.247	2.2045	440.9	415.9	19.423	59.837	20.065	-98.599	-99999
120	2018	274	1658	45.3	12.228	2.2008	440.15	415.15	19.431	59.847	20.073	-95.768	-99999
120	2018	274	1658	46.3	12.293	2.2014	440.29	415.29	19.431	59.999	20.073	-99.331	-99999
120	2018	274	1658	47.3	12.288	2.2008	440.15	415.15	19.433	60.046	20.075	-96.769	-99999
120	2018	274	1658	48.3	12.291	2.2086	441.72	416.72	19.431	60.069	20.073	-98.071	-99999
120	2018	274	1658	49.3	12.282	2.2066	441.31	416.31	19.448	60.209	20.073	-97.6	-99999
120	2018	274	1658	50.3	12.299	2.2124	442.48	417.48	19.448	60.278	20.073	-97.197	-99999
120	2018	274	1658	51.3	12.288	2.2079	441.59	416.59	19.45	60.348	20.075	-97.418	-99999
120	2018	274	1658	52.3	12.245	2.2072	441.45	416.45	19.44	60.418	20.065	-96.962	-99999
120	2018	274	1658	53.3	12.25	2.2066	441.31	416.31	19.45	60.382	20.075	-95.877	-99999
120	2018	274	1658	54.3	12.253	2.2079	441.59	416.59	19.448	60.441	20.073	-97.354	-99999
120	2018	274	1658	55.3	12.242	2.2117	442.34	417.34	19.438	60.511	20.063	-97.233	-99999
120	2018	274	1658	56.3	12.259	2.2131	442.61	417.61	19.438	60.511	20.063	-96.763	-99999
120	2018	274	1658	57.3	12.242	2.21	442	417	19.436	60.557	20.061	-97.505	-99999
120	2018	274	1658	58.3	12.242	2.2247	444.94	419.94	19.436	60.674	20.061	-95.629	-99999
120	2018	274	1658	59.3	12.288	2.224	444.8	419.8	19.419	60.627	20.061	-96.878	-99999
120	2018	274	1659	0.3	12.293	2.2288	445.76	420.76	19.421	60.72	20.063	-96.272	-99999
120	2018	274	1659	1.3	12.296	2.238	447.61	422.61	19.436	60.744	20.061	-96.097	-99999
120	2018	274	1659	2.3	12.296	2.2445	448.91	423.91	19.427	60.813	20.052	-96.365	-99999
120	2018	274	1659	3.3	12.285	2.2507	450.14	425.14	19.436	60.86	20.061	-97.527	-99999
120	2018	274	1659	4.3	12.289	2.2596	451.92	426.92	19.438	60.883	20.063	-94.915	-99999
120	2018	274	1659	5.3	12.285	2.2736	454.72	429.72	19.415	60.976	20.04	-98.565	-99999
120	2018	274	1659	6.3	12.247	2.2647	452.94	427.94	19.425	61.046	20.05	-97.72	-99999
120	2018	274	1659	7.3	12.255	2.2804	456.09	431.09	19.415	60.953	20.04	-98.272	-99999
120	2018	274	1659	8.3	12.245	2.2763	455.27	430.27	19.423	61.023	20.048	-96.537	-99999
120	2018	274	1659	9.3	12.255	2.2921	458.41	433.41	19.415	61.116	20.04	-99.105	-99999
120	2018	274	1659	10.3	12.245	2.2815	456.29	431.29	19.423	61.162	20.048	-96.805	-99999
120	2018	274	1659	11.3	12.25	2.2852	457.04	432.04	19.425	61.173	20.05	-99.339	-99999
120	2018	274	1659	12.3	12.245	2.2907	458.14	433.14	19.423	61.139	20.048	-97.208	-99999
120	2018	274	1659	13.3	12.296	2.2938	458.75	433.75	19.425	61.325	20.05	-98.483	-99999
120	2018	274	1659	14.3	12.277	2.2992	459.85	434.85	19.413	61.196	20.038	-95.726	-99999
120	2018	274	1659	15.3	12.293	2.2982	459.64	434.64	19.425	61.278	20.05	-97.227	-99999
120	2018	274	1659	16.3	12.285	2.3023	460.46	435.46	19.413	61.371	20.038	-95.971	-99999
120	2018	274	1659	17.3	12.288	2.304	460.81	435.81	19.411	61.371	20.036	-97.784	-99999
120	2018	274	1659	18.3	12.282	2.303	460.6	435.6	19.413	61.441	20.038	-96.953	-99999
120	2018	274	1659	19.3	12.282	2.304	460.81	435.81	19.411	61.371	20.036	-96.331	-99999
120	2018	274	1659	20.3	12.25	2.3023	460.46	435.46	19.413	61.395	20.038	-97.983	-99999
120	2018	274	1659	21.3	12.25	2.3109	462.17	437.17	19.413	61.418	20.038	-97.669	-99999
120	2018	274	1659	22.3	12.245	2.3116	462.31	437.31	19.413	61.441	20.038	-98.298	-99999
120	2018	274	1659	23.3	12.25	2.2986	459.71	434.71	19.413	61.534	20.038	-96.506	-99999
120	2018	274	1659	24.3	12.25	2.301	460.19	435.19	19.413	61.511	20.038	-97.714	-99999
120	2018	274	1659	25.3	12.25	2.304	460.81	435.81	19.413	61.581	20.038	-97.782	-99999
120	2018	274	1659	26.3	12.234	2.3023	460.46	435.46	19.398	61.534	20.023	-97.465	-99999
120	2018	274	1659	27.3	12.291	2.2962	459.23	434.23	19.4	61.604	20.025	-96.634	-99999
120	2018	274	1659	28.3	12.282	2.2955	459.1	434.1	19.398	61.557	20.023	-97.51	-99999
120	2018	274	1659	29.3	12.282	2.3016	460.33	435.33	19.4	61.581	20.025	-95.876	-99999
120	2018	274	1659	30.3	12.288	2.3061	461.22	436.22	19.4	61.604	20.025	-97.888	-99999
120	2018	274	1659	31.3	12.291	2.2927	458.55	433.55	19.4	61.674	20.025	-96.01	-99999
120	2018	274	1659	32.3	12.282	2.3057	461.15	436.15	19.4	61.627	20.025	-98.112	-99999
120	2018	274	1659	33.3	12.288	2.3071	461.42	436.42	19.417	61.72	20.025	-94.631	-99999
120	2018	274	1659	34.3	12.25	2.2914	458.28	433.28	19.415	61.72	20.023	-97.644	-99999
120	2018	274	1659	35.3	12.253	2.2975	459.51	434.51	19.415	61.743	20.023	-96.816	-99999
120	2018	274	1659	36.3	12.255	2.29	458	433	19.4	61.697	20.025	-98.877	-99999
120	2018	274	1659	37.3	12.255	2.2914	458.28	433.28	19.415	61.743	20.023	-97.442	-99999
120	2018	274	1659	38.3	12.245	2.2962	459.23	434.23	19.417	61.86	20.025	-98.135	-99999
120	2018	274	1659	39.3	12.253	2.2914	458.28	433.28	19.415	61.813	20.023	-97.308	-99999
120	2018	274	1659	40.3	12.231	2.2938	458.75	433.75	19.402	61.883	20.011	-98.559	-99999
120	2018	274	1659	41.3	12.293	2.2921	458.41	433.41	19.405	61.837	20.013	-96.629	-99999
120	2018	274	1659	42.3	12.291	2.2955	459.1	434.1	19.405	61.79	20.013	-98.343	-99999
120	2018	274	1659	43.3	12.282	2.3003	460.05	435.05	19.405	61.813	20.013	-97.904	-99999
120	2018	274	1659	44.3	12.285	2.2893	457.87	432.87	19.405	61.837	20.013	-97.501	-99999
120	2018	274	1659	45.3	12.28	2.2962	459.23	434.23	19.421	61.79	20.013	-97.299	-99999
120	2018	274	1659	46.3	12.288	2.2969	459.37	434.37	19.421	61.953	20.013	-97.277	-99999
120	2018	274	1659	47.3	12.28	2.2999	459.99	434.99	19.421	61.906	20.013	-97.277	-99999
120	2018	274	1659	48.3	12.247	2.2986	459.71	434.71	19.421	61.883	20.013	-97.523	-99999
120	2018	274	1659	49.3	12.239	2.2914	458.28	433.28	19.419	61.93	20.011	-97.661	-99999
120	2018	274	1659	50.3	12.245	2.2975	459.51	434.51	19.409	61.976	20	-96.712	-99999
120	2018	274	1659	51.3	12.247	2.3016	460.33	435.33	19.407	62.023	19.998	-96.514	-99999
120	2018	274	1659	52.3	12.25	2.2873	457.46	432.46	19.407	61.953	19.998	-96.737	-99999
120	2018	274	1659	53.3	12.239	2.3006	460.12	435.12	19.409	61.999	20	-98.146	-99999
120	2018	274	1659	54.3	12.247	2.3013	460.26	435.26	19.409	61.976	20	-97.54	-99999
120	2018	274	1659	55.3	12.282	2.3116	462.31	437.31	19.409	61.953	20	-96.958	-99999
120	2018	274	1659	56.3	12.288	2.3037	460.74	435.74	19.407	62.046	19.998	-96.358	-99999
120	2018	274	1659	57.3	12.285	2.3064	461.29	436.29	19.409	61.999	20	-98.258	-99999
120	2018	274	1659	58.3	12.288	2.3157	463.13	438.13	19.409	62.023	20	-96.355	-99999
120	2018	274	1659	59.3	12.28	2.3095	461.9	436.9	19.407	62.046	19.998	-96.871	-99999
120	2018	274	1700	0.3	12.293	2.3205	464.09	439.09	19.409	62.069	20	-95.019	-99999
120	2018	274	1700	1.3	12.239	2.3256	465.12	440.12	19.409	62.092	20	-97.137	-99999
120	2018	274	1700	2.3	12.253	2.317	463.41	438.41	19.409	62.185	20	-95.419	-99999
120	2018	274	1700	3.3	12.245	2.3341	466.83	441.83	19.407	62.139	19.998	-97.655	-99999
120	2018	274	1700	4.3	12.245	2.3273	465.46	440.46	19.407	62.116	19.998	-97.364	-99999
120	2018	274	1700	5.3	12.247	2.3297	465.94	440.94	19.409	62.162	20	-98.033	-99999
120	2018	274	1700	6.3	12.245	2.3324	466.48	441.48	19.396	62.139	19.988	-95.837	-99999
120	2018	274	1700	7.3	12.245	2.3365	467.3	442.3	19.396	62.185	19.988	-99.174	-99999
120	2018	274	1700	8.3	12.291	2.329	465.8	440.8	19.411	62.255	19.986	-96.341	-99999
120	2018	274	1700	9.3	12.288	2.3324	466.48	441.48	19.413	62.162	19.988	-98.319	-99999
120	2018	274	1700	10.3	12.288	2.3321	466.42	441.42	19.411	62.162	19.986	-96.364	-99999
120	2018	274	1700	11.3	12.282	2.3382	467.65	442.65	19.413	62.232	19.988	-96.997	-99999
120	2018	274	1700	12.3	12.286	2.3406	468.13	443.13	19.411	62.302	19.986	-96.62	-99999
120	2018	274	1700	13.3	12.291	2.3328	466.55	441.55	19.411	62.278	19.986	-98.3	-99999
120	2018	274	1700	14.3	12.285	2.3482	469.63	444.63	19.413	62.232	19.988	-95.603	-99999
120	2018	274	1700	15.3	12.25	2.3376	467.51	442.51	19.411	62.255	19.986	-99.944	-99999
120	2018	274	1700	16.3	12.245	2.3328	466.55	441.55	19.411	62.232	19.986	-95.172	-99999
120	2018	274	1700	17.3	12.247	2.3389	467.78	442.78	19.411	62.278	19.986	-99.132	-99999
120	2018	274	1700	18.3	12.25	2.3311	466.21	441.21	19.411	62.348	19.986	-96.084	-99999
120	2018	274	1700	19.3	12.25	2.3249	464.98	439.98	19.401	62.371	19.975	-97.977	-99999
120	2018	274	1700	20.3	12.25	2.3389	467.78	442.78	19.399	62.348	19.973	-97.039	-99999
120	2018	274	1700	21.3	12.239	2.3379	467.58	442.58	19.401	62.302	19.975	-98.921	-99999
120	2018	274	1700	22.3	12.285	2.3317	466.35	441.35	19.401	62.418	19.975	-96.913	-99999
120	2018	274	1700	23.3	12.296	2.3358	467.17	442.17	19.401	62.348	19.975	-98.988	-99999
120	2018	274	1700	24.3	12.285	2.3396	467.92	442.92	19.384	62.441	19.975	-98.134	-99999
120	2018	274	1700	25.3	12.291	2.3413	468.26	443.26	19.399	62.441	19.973	-98.271	-99999
120	2018	274	1700	26.3	12.28	2.3334	466.69	441.69	19.384	62.418	19.975	-97.036	-99999
120	2018	274	1700	27.3	12.285	2.3358	467.17	442.17	19.382	62.441	19.973	-96.279	-99999
120	2018	274	1700	28.3	12.28	2.3311	466.21	441.21	19.382	62.418	19.973	-95.511	-99999
120	2018	274	1700	29.3	12.253	2.3317	466.35	441.35	19.384	62.488	19.975	-97.372	-99999
120	2018	274	1700	30.3	12.25	2.3293	465.87	440.87	19.399	62.418	19.973	-96.837	-99999
120	2018	274	1700	31.3	12.25	2.3348	466.96	441.96	19.401	62.441	19.975	-97.954	-99999
120	2018	274	1700	32.3	12.242	2.33	466.01	441.01	19.401	62.418	19.975	-95.319	-99999
120	2018	274	1700	33.3	12.245	2.3341	466.83	441.83	19.405	62.521	19.963	-99.591	-99999
120	2018	274	1701	49.3	12.329	2.1419	428.39	403.39	19.345	57.93	19.886	-96.451	-12880
120	2018	274	1701	50.3	12.326	2.1354	427.09	402.09	-115.45	57.906	19.886	-94.15	-99999
120	2018	274	1701	51.3	12.315	2.1471	429.41	404.41	-91.316	58.046	19.888	-98.183	-99999
120	2018	274	1701	52.3	12.296	2.1416	428.32	403.32	19.396	57.953	19.886	-96.551	-99999
120	2018	274	1701	53.3	12.293	2.1245	424.9	399.9	19.398	57.999	19.888	-96.225	-99999
120	2018	274	1701	54.3	12.285	2.1276	425.51	400.51	19.398	57.976	19.888	-97.981	-99999
120	2018	274	1701	55.3	12.296	2.1385	427.7	402.7	19.385	57.999	19.875	-98.312	-99999
120	2018	274	1701	56.3	12.296	2.1334	426.68	401.68	19.385	57.999	19.875	-96.085	-99999
120	2018	274	1701	57.3	12.285	2.1477	429.55	404.55	19.383	58.139	19.873	-97.44	-99999
120	2018	274	1701	58.3	12.274	2.1512	430.23	405.23	19.385	58.116	19.875	-99.845	-99999
120	2018	274	1701	59.3	12.336	2.1371	427.43	402.43	19.385	58.278	19.875	-96.922	-99999
120	2018	274	1702	0.3	12.323	2.1549	430.98	405.98	19.383	58.302	19.873	-96.836	-99999
120	2018	274	1702	1.3	12.336	2.1566	431.33	406.33	19.385	58.395	19.875	-98.065	-99999
120	2018	274	1702	2.3	12.326	2.1604	432.08	407.08	19.383	58.511	19.873	-97.798	-99999
120	2018	274	1702	3.3	12.328	2.1642	432.83	407.83	19.383	58.557	19.873	-97.283	-99999
120	2018	274	1702	4.3	12.326	2.1884	437.69	412.69	19.385	58.65	19.875	-112.68	-99999
120	2018	274	1702	5.3	12.258	2.1457	429.14	404.14	19.535	58.72	19.873	-96.634	-99999
120	2018	274	1702	6.3	12.272	2.2544	450.89	425.89	22.438	58.86	19.875	-95.351	-99999
120	2018	274	1702	7.3	12.269	2.2452	449.04	424.04	19.402	58.976	19.875	-99.279	-99999
120	2018	274	1702	8.3	12.266	2.2524	450.48	425.48	19.402	58.999	19.875	-97.449	-99999
120	2018	274	1702	9.3	12.299	2.2551	451.03	426.03	19.402	59.209	19.875	-99.156	-99999
120	2018	274	1702	10.3	12.22	2.2442	448.84	423.84	19.419	59.278	19.875	-96.197	-99999
120	2018	274	1702	11.3	12.245	2.2674	453.49	428.49	19.402	59.302	19.875	-98.694	-99999
120	2018	274	1702	12.3	12.299	2.2544	450.89	425.89	19.417	59.488	19.873	-96.724	-99999
120	2018	274	1702	13.3	12.291	2.2575	451.5	426.5	19.402	59.464	19.875	-98.234	-99999
120	2018	274	1702	14.3	12.288	2.2606	452.12	427.12	19.417	59.581	19.873	-96.947	-99999
120	2018	274	1702	15.3	12.293	2.2695	453.9	428.9	19.402	59.674	19.875	-96.108	-99999
120	2018	274	1702	16.3	12.285	2.2668	453.35	428.35	19.4	59.813	19.873	-98.539	-99999
120	2018	274	1702	17.3	12.293	2.2702	454.04	429.04	19.419	59.883	19.875	-96.074	-99999
120	2018	274	1702	18.3	12.282	2.263	452.6	427.6	19.407	60.046	19.863	-99.476	-99999
120	2018	274	1702	19.3	12.261	2.2866	457.32	432.32	19.405	59.976	19.861	-97.132	-99999
120	2018	274	1702	20.3	12.253	2.2845	456.91	431.91	19.407	60.092	19.863	-98.79	-99999
120	2018	274	1702	21.3	12.258	2.2927	458.55	433.55	19.407	60.209	19.863	-97.722	-99999
120	2018	274	1702	22.3	12.228	2.2784	455.68	430.68	19.407	60.185	19.863	-98.497	-99999
120	2018	274	1702	23.3	12.255	2.2793	455.85	430.85	19.407	60.278	19.863	-96.772	-99999
120	2018	274	1702	24.3	12.255	2.2777	455.54	430.54	19.407	60.325	19.863	-98.587	-99999
120	2018	274	1702	25.3	12.255	2.2859	457.18	432.18	19.407	60.418	19.863	-96.705	-99999
120	2018	274	1702	26.3	12.274	2.2893	457.87	432.87	19.407	60.395	19.863	-99.026	-99999
120	2018	274	1702	27.3	12.326	2.2921	458.41	433.41	19.407	60.511	19.863	-98.587	-99999
120	2018	274	1702	28.3	12.034	2.2992	459.85	434.85	19.407	60.511	19.863	-97.219	-99999
120	2018	274	1702	29.3	12.258	2.322	464.4	439.4	19.405	60.557	19.861	-98.826	-99999
120	2018	274	1702	30.3	12.25	2.2907	458.14	433.14	19.407	60.604	19.863	-97.286	-99999
120	2018	274	1702	31.3	12.1	2.2859	457.18	432.18	19.407	60.697	19.863	-97.622	-99999
120	2018	274	1702	32.3	12.207	2.2975	459.51	434.51	19.407	60.767	19.863	-98.081	-99999
120	2018	274	1702	33.3	12.204	2.3047	460.94	435.94	19.407	60.79	19.863	-95.689	-99999
120	2018	274	1702	34.3	12.193	2.2893	457.87	432.87	19.407	60.837	19.863	-98.497	-99999
120	2018	274	1702	35.3	12.204	2.3006	460.12	435.12	19.407	60.976	19.863	-97.353	-99999
120	2018	274	1702	36.3	12.21	2.3095	461.9	436.9	19.407	60.93	19.863	-96.392	-99999
120	2018	274	1702	37.3	12.199	2.3109	462.17	437.17	19.407	61.116	19.863	-98.632	-99999
120	2018	274	1702	38.3	12.207	2.3095	461.9	436.9	19.394	61.023	19.85	-97.414	-99999
120	2018	274	1702	39.3	12.185	2.3126	462.52	437.52	19.411	61.139	19.85	-96.855	-99999
120	2018	274	1702	40.3	12.242	2.317	463.41	438.41	19.394	61.092	19.85	-98.48	-99999
120	2018	274	1702	41.3	12.253	2.3304	466.07	441.07	19.394	61.255	19.85	-96.431	-99999
120	2018	274	1702	42.3	12.25	2.3198	463.95	438.95	19.394	61.232	19.85	-97.84	-99999
120	2018	274	1702	43.3	12.234	2.3211	464.23	439.23	19.394	61.278	19.85	-98.121	-99999
120	2018	274	1702	44.3	12.25	2.3287	465.73	440.73	19.394	61.278	19.85	-96.185	-99999
120	2018	274	1702	45.3	12.247	2.328	465.59	440.59	19.394	61.325	19.85	-99.561	-99999
120	2018	274	1702	46.3	12.245	2.3314	466.28	441.28	19.409	61.278	19.848	-98.607	-99999
120	2018	274	1702	47.3	12.21	2.3283	465.66	440.66	19.394	61.371	19.85	-96.04	-99999
120	2018	274	1702	48.3	12.196	2.3324	466.48	441.48	19.394	61.371	19.85	-98.987	-99999
120	2018	274	1702	49.3	12.202	2.3287	465.73	440.73	19.392	61.488	19.848	-95.909	-99999
120	2018	274	1702	50.3	12.21	2.3334	466.69	441.69	19.394	61.464	19.85	-95.373	-99999
120	2018	274	1702	51.3	12.207	2.3365	467.3	442.3	19.394	61.511	19.85	-96.989	-99999
120	2018	274	1702	52.3	12.199	2.3317	466.35	441.35	19.392	61.511	19.848	-97.104	-99999
120	2018	274	1702	53.3	12.185	2.3311	466.21	441.21	19.394	61.557	19.85	-97.09	-99999
120	2018	274	1702	54.3	12.253	2.3287	465.73	440.73	19.394	61.557	19.85	-98.886	-99999
120	2018	274	1702	55.3	12.258	2.3369	467.37	442.37	19.392	61.697	19.848	-98.371	-99999
120	2018	274	1702	56.3	12.247	2.3311	466.21	441.21	19.382	61.604	19.838	-98.361	-99999
120	2018	274	1702	57.3	12.242	2.3338	466.76	441.76	19.38	61.65	19.836	-97.154	-99999
120	2018	274	1702	58.3	12.245	2.3369	467.37	442.37	19.38	61.697	19.836	-96.551	-99999
120	2018	274	1702	59.3	12.247	2.3382	467.65	442.65	19.382	61.697	19.838	-98.924	-99999
120	2018	274	1703	0.3	12.242	2.3266	465.32	440.32	19.382	61.813	19.838	-98.002	-99999
120	2018	274	1703	1.3	12.212	2.3437	468.74	443.74	19.382	61.767	19.838	-98.261	-99999
120	2018	274	1703	2.3	12.207	2.3398	467.96	442.96	19.382	61.79	19.838	-97.565	-99999
120	2018	274	1703	3.3	12.207	2.3323	466.46	441.46	19.38	61.93	19.836	-96.049	-99999
120	2018	274	1703	4.3	12.21	2.3413	468.26	443.26	19.382	61.93	19.838	-99.758	-99999
120	2018	274	1703	5.3	12.204	2.3512	470.25	445.25	19.382	61.953	19.838	-98.194	-99999
120	2018	274	1703	6.3	12.202	2.3413	468.26	443.26	19.38	61.883	19.836	-96.796	-99999
120	2018	274	1703	7.3	12.253	2.3485	469.7	444.7	19.367	62.023	19.823	-99.08	-99999
120	2018	274	1703	8.3	12.253	2.3471	469.43	444.43	19.382	61.906	19.838	-96.626	-99999
120	2018	274	1703	9.3	12.247	2.3461	469.22	444.22	19.367	61.953	19.823	-96.02	-99999
120	2018	274	1703	10.3	12.242	2.3547	470.93	445.93	19.369	61.999	19.825	-98.559	-99999
120	2018	274	1703	11.3	12.258	2.3509	470.18	445.18	19.369	61.999	19.825	-96.452	-99999
120	2018	274	1703	12.3	12.253	2.3553	471.07	446.07	19.367	62.023	19.823	-97.944	-99999
120	2018	274	1703	13.3	12.242	2.3475	469.49	444.49	19.369	62.116	19.825	-97.582	-99999
120	2018	274	1703	14.3	12.21	2.3579	471.59	446.59	19.369	62.092	19.825	-97.201	-99999
120	2018	274	1703	15.3	12.21	2.3519	470.38	445.38	19.367	62.092	19.823	-98.101	-99999
120	2018	274	1703	16.3	12.207	2.3425	468.51	443.51	19.369	62.162	19.825	-97.772	-99999
120	2018	274	1703	17.3	12.207	2.3536	470.72	445.72	19.369	62.232	19.825	-97.212	-99999
120	2018	274	1703	18.3	12.207	2.3536	470.72	445.72	19.367	62.185	19.823	-98.292	-99999
120	2018	274	1703	19.3	12.204	2.3505	470.11	445.11	19.367	62.232	19.823	-97.192	-99999
120	2018	274	1703	20.3	12.207	2.346	469.19	444.19	19.357	62.185	19.813	-98.137	-99999
120	2018	274	1703	21.3	12.25	2.3543	470.86	445.86	19.355	62.255	19.811	-98.027	-99999
120	2018	274	1703	22.3	12.247	2.3529	470.59	445.59	19.357	62.325	19.813	-96.648	-99999
120	2018	274	1703	23.3	12.25	2.348	469.6	444.6	19.357	62.348	19.813	-98.709	-99999
120	2018	274	1703	24.3	12.247	2.3529	470.59	445.59	19.355	62.395	19.811	-97.198	-99999
120	2018	274	1703	25.3	12.25	2.3482	469.63	444.63	19.357	62.325	19.813	-98.486	-99999
120	2018	274	1703	26.3	12.25	2.347	469.4	444.4	19.357	62.371	19.813	-97.262	-99999
120	2018	274	1703	27.3	12.242	2.3627	472.54	447.54	19.357	62.371	19.813	-97.252	-99999
120	2018	274	1703	28.3	12.207	2.3475	469.49	444.49	19.357	62.395	19.813	-97.755	-99999
120	2018	274	1703	29.3	12.204	2.3509	470.19	445.19	19.374	62.348	19.813	-98.868	-99999
120	2018	274	1703	30.3	12.204	2.3553	471.07	446.07	19.372	62.511	19.811	-97.479	-99999
120	2018	274	1703	31.3	12.212	2.3521	470.42	445.42	19.357	62.557	19.813	-97.89	-99999
120	2018	274	1703	32.3	12.196	2.3598	471.96	446.96	19.374	62.534	19.813	-97.005	-99999
120	2018	274	1703	33.3	12.21	2.356	471.2	446.2	19.361	62.511	19.801	-97.984	-99999
120	2018	274	1703	34.3	12.188	2.3519	470.38	445.38	19.344	62.581	19.801	-97.817	-99999
120	2018	274	1703	35.3	12.255	2.3512	470.25	445.25	19.342	62.464	19.798	-96.778	-99999
120	2018	274	1703	36.3	12.253	2.348	469.6	444.6	19.342	62.581	19.798	-98.022	-99999
120	2018	274	1703	37.3	12.247	2.343	468.6	443.6	19.344	62.511	19.801	-99.155	-99999
120	2018	274	1703	38.3	12.245	2.3501	470.01	445.01	19.359	62.581	19.798	-96.611	-99999
120	2018	274	1703	39.3	12.25	2.3529	470.59	445.59	19.344	62.604	19.801	-98.445	-99999
120	2018	274	1703	40.3	12.242	2.3461	469.22	444.22	19.344	62.697	19.801	-96.486	-99999
120	2018	274	1703	41.3	12.245	2.3499	469.97	444.97	19.342	62.581	19.798	-97.528	-99999
120	2018	274	1703	42.3	12.204	2.3518	470.35	445.35	19.342	62.557	19.798	-98.313	-99999
120	2018	274	1703	43.3	12.21	2.3485	469.7	444.7	19.344	62.65	19.801	-96.731	-99999
120	2018	274	1703	44.3	12.212	2.3512	470.25	445.25	19.33	62.743	19.786	-98.397	-99999
120	2018	274	1703	45.3	12.196	2.3577	471.55	446.55	19.332	62.697	19.788	-97.542	-99999
120	2018	274	1703	46.3	12.21	2.3499	469.97	444.97	19.332	62.674	19.788	-97.788	-99999
120	2018	274	1703	47.3	12.199	2.342	468.4	443.4	19.332	62.697	19.788	-98.025	-99999
120	2018	274	1703	48.3	12.185	2.3538	470.77	445.77	19.332	62.813	19.788	-97.329	-99999
120	2018	274	1703	49.3	12.253	2.3403	468.06	443.06	19.33	62.697	19.786	-97.859	-99999
120	2018	274	1703	50.3	12.242	2.3396	467.92	442.92	19.33	62.79	19.786	-97.321	-99999
120	2018	274	1703	51.3	12.253	2.3423	468.47	443.47	19.33	62.743	19.786	-96.628	-99999
120	2018	274	1703	52.3	12.247	2.3444	468.88	443.88	19.332	62.86	19.788	-98.991	-99999
120	2018	274	1703	53.3	12.25	2.3507	470.15	445.15	19.332	62.86	19.788	-97.363	-99999
120	2018	274	1703	54.3	12.247	2.3378	467.55	442.55	19.332	62.767	19.788	-95.844	-99999
120	2018	274	1703	55.3	12.237	2.3485	469.7	444.7	19.319	62.79	19.776	-97.727	-99999
120	2018	274	1703	56.3	12.196	2.3542	470.83	445.83	19.319	62.883	19.776	-97.043	-99999
120	2018	274	1703	57.3	12.207	2.3451	469.01	444.01	19.317	62.906	19.773	-97.472	-99999
120	2018	274	1703	58.3	12.199	2.3542	470.83	445.83	19.319	62.906	19.776	-98.131	-99999
120	2018	274	1703	59.3	12.199	2.3365	467.3	442.3	19.336	62.906	19.776	-96.686	-99999
120	2018	274	1704	0.3	12.199	2.3437	468.74	443.74	19.317	62.906	19.773	-98.493	-99999
